Date,Adj Close 
2026-05-06,99.19
2026-05-05,98.77
2026-05-04,98.59
2026-05-01,98.9
2026-04-30,98.77
2026-04-29,98.63
2026-04-28,99.07
2026-04-27,99.11
2026-04-24,99.26
2026-04-23,99.12
2026-04-22,99.28
2026-04-21,99.14
2026-04-20,99.51
2026-04-17,99.52
2026-04-16,99.15
2026-04-15,99.29
2026-04-14,99.45
2026-04-13,99.19
2026-04-10,98.99
2026-04-09,99.16
2026-04-08,99.1
2026-04-07,98.84
2026-04-06,98.72
2026-04-02,98.9
2026-04-01,98.67
2026-03-31,98.6
2026-03-30,98.38
2026-03-27,97.88
2026-03-26,97.89
2026-03-25,98.44
2026-03-24,98.1
2026-03-23,98.37
2026-03-20,98
2026-03-19,98.82
2026-03-18,98.71
2026-03-17,99.13
2026-03-16,98.93
2026-03-13,98.54
2026-03-12,98.62
2026-03-11,98.99
2026-03-10,99.44
2026-03-09,99.77
2026-03-06,99.45
2026-03-05,99.57
2026-03-04,99.86
2026-03-03,99.89
2026-03-02,100
2026-02-27,100.41
2026-02-26,100.21
2026-02-25,100.05
2026-02-24,100.1
2026-02-23,100.11
2026-02-20,99.91
2026-02-19,99.89
2026-02-18,99.87
2026-02-17,100.01
2026-02-13,100
2026-02-12,99.68
2026-02-11,99.24
2026-02-10,99.46
2026-02-09,99.18
2026-02-06,99.15
2026-02-05,99.09
2026-02-04,98.66
2026-02-03,98.72
2026-02-02,98.71
2026-01-30,98.83
2026-01-29,98.85
2026-01-28,98.85
2026-01-27,98.89
2026-01-26,98.95
2026-01-23,98.81
2026-01-22,98.72
2026-01-21,98.7
2026-01-20,98.37
2026-01-16,98.75
2026-01-15,98.91
2026-01-14,99.04
2026-01-13,98.9
2026-01-12,98.81
2026-01-09,98.86
2026-01-08,98.64
2026-01-07,98.82
2026-01-06,98.72
2026-01-05,98.74
2026-01-02,98.55
2025-12-31,98.58
2025-12-30,98.82
2025-12-29,98.86
2025-12-26,98.74
2025-12-24,98.72
2025-12-23,98.5
2025-12-22,98.5
2025-12-19,98.54
2025-12-18,98.68
2025-12-17,98.44
2025-12-16,98.47
2025-12-15,98.28
2025-12-12,98.18
2025-12-11,98.49
2025-12-10,98.47
2025-12-09,98.15
2025-12-08,98.24
2025-12-05,98.4
2025-12-04,98.51
2025-12-03,98.74
2025-12-02,98.56
2025-12-01,98.43
2025-11-28,98.86
2025-11-26,98.99
2025-11-25,98.84
2025-11-24,98.68
2025-11-21,98.48
2025-11-20,98.25
2025-11-19,98.13
2025-11-18,98.13
2025-11-17,98.07
2025-11-14,98.05
2025-11-13,98.17
2025-11-12,98.46
2025-11-11,98.5
2025-11-10,98.21
2025-11-07,98.25
2025-11-06,98.29
2025-11-05,97.92
2025-11-04,98.19
2025-11-03,98.14
2025-10-31,98.26
2025-10-30,98.32
2025-10-29,98.5
2025-10-28,98.97
2025-10-27,98.91
2025-10-24,98.85
2025-10-23,98.75
2025-10-22,98.92
2025-10-21,98.93
2025-10-20,98.84
2025-10-17,98.67
2025-10-16,98.81
2025-10-15,98.46
2025-10-14,98.49
2025-10-13,98.34
2025-10-10,98.15
2025-10-09,97.75
2025-10-08,97.87
2025-10-07,97.86
2025-10-06,97.69
2025-10-03,97.91
2025-10-02,98.02
2025-10-01,97.91
2025-09-30,97.66
2025-09-29,97.67
2025-09-26,97.48
2025-09-25,97.42
2025-09-24,97.55
2025-09-23,97.74
2025-09-22,97.58
2025-09-19,97.7
2025-09-18,97.7
2025-09-17,97.97
2025-09-16,98.15
2025-09-15,98.11
2025-09-12,97.94
2025-09-11,98.03
2025-09-10,97.84
2025-09-09,97.65
2025-09-08,97.84
2025-09-05,97.51
2025-09-04,97.05
2025-09-03,96.67
2025-09-02,96.31
2025-08-29,96.57
2025-08-28,96.7
2025-08-27,96.58
2025-08-26,96.48
2025-08-25,96.37
2025-08-22,96.51
2025-08-21,95.98
2025-08-20,96.2
2025-08-19,96.14
2025-08-18,95.96
2025-08-15,96.07
2025-08-14,96.21
2025-08-13,96.48
2025-08-12,96.13
2025-08-11,96.13
2025-08-08,96.07
2025-08-07,96.25
2025-08-06,96.33
2025-08-05,96.37
2025-08-04,96.34
2025-08-01,96.26
2025-07-31,95.43
2025-07-30,95.39
2025-07-29,95.66
2025-07-28,95.14
2025-07-25,95.27
2025-07-24,95.12
2025-07-23,95.17
2025-07-22,95.39
2025-07-21,95.2
2025-07-18,94.94
2025-07-17,94.77
2025-07-16,94.73
2025-07-15,94.59
2025-07-14,94.87
2025-07-11,94.88
2025-07-10,95.28
2025-07-09,95.31
2025-07-08,94.91
2025-07-07,94.95
2025-07-03,95.29
2025-07-02,95.48
2025-07-01,95.6
2025-06-30,95.69
2025-06-27,95.3
2025-06-26,95.57
2025-06-25,95.31
2025-06-24,95.32
2025-06-23,94.93
2025-06-20,94.74
2025-06-18,94.66
2025-06-17,94.59
2025-06-16,94.3
2025-06-13,94.49
2025-06-12,94.83
2025-06-11,94.48
2025-06-10,94.16
2025-06-09,93.95
2025-06-06,93.84
2025-06-05,94.32
2025-06-04,94.56
2025-06-03,94
2025-06-02,94.07
2025-05-30,94.31
2025-05-29,94.08
2025-05-28,93.74
2025-05-27,93.91
2025-05-23,93.49
2025-05-22,93.35
2025-05-21,93.08
2025-05-20,93.7
2025-05-19,93.86
2025-05-16,93.89
2025-05-15,93.83
2025-05-14,93.31
2025-05-13,93.57
2025-05-12,93.67
2025-05-09,93.99
2025-05-08,93.89
2025-05-07,94.38
2025-05-06,94.24
2025-05-05,94.01
2025-05-02,94.17
2025-05-01,94.63
2025-04-30,94.89
2025-04-29,94.98
2025-04-28,94.75
2025-04-25,94.49
2025-04-24,94.14
2025-04-23,93.63
2025-04-22,93.4
2025-04-21,93.22
2025-04-17,93.79
2025-04-16,94.03
2025-04-15,93.73
2025-04-14,93.54
2025-04-11,92.99
2025-04-10,93.09
2025-04-09,93.83
2025-04-08,93.62
2025-04-07,94.1
2025-04-04,95.31
2025-04-03,95.23
2025-04-02,94.73
2025-04-01,94.83
2025-03-31,94.48
2025-03-28,94.3
2025-03-27,93.76
2025-03-26,93.81
2025-03-25,94.03
2025-03-24,93.95
2025-03-21,94.31
2025-03-20,94.43
2025-03-19,94.37
2025-03-18,94.09
2025-03-17,94
2025-03-14,93.87
2025-03-13,94.06
2025-03-12,93.78
2025-03-11,94.05
2025-03-10,94.39
2025-03-07,93.94
2025-03-06,94.05
2025-03-05,94.15
2025-03-04,94.47
2025-03-03,94.71
2025-02-28,94.51
2025-02-27,94.09
2025-02-26,94.23
2025-02-25,94.08
2025-02-24,93.5
2025-02-21,93.34
2025-02-20,92.94
2025-02-19,92.79
2025-02-18,92.66
2025-02-14,93.03
2025-02-13,92.69
2025-02-12,92.14
2025-02-11,92.62
2025-02-10,92.83
2025-02-07,92.8
2025-02-06,93.1
2025-02-05,93.19
2025-02-04,92.7
2025-02-03,92.53
2025-01-31,92.44
2025-01-30,92.63
2025-01-29,92.5
2025-01-28,92.55
2025-01-27,92.58
2025-01-24,92.07
2025-01-23,91.92
2025-01-22,92.07
2025-01-21,92.29
2025-01-17,91.98
2025-01-16,91.98
2025-01-15,91.79
2025-01-14,91
2025-01-13,90.97
2025-01-10,91.05
2025-01-08,91.57
2025-01-07,91.46
2025-01-06,91.79
2025-01-03,91.88
2025-01-02,91.97
2024-12-31,91.97
2024-12-30,92.08
2024-12-27,91.72
2024-12-26,91.91
2024-12-24,91.84
2024-12-23,91.74
2024-12-20,92.02
2024-12-19,91.78
2024-12-18,92.01
2024-12-17,92.72
2024-12-16,92.72
2024-12-13,92.63
2024-12-12,92.98
2024-12-11,93.36
2024-12-10,93.58
2024-12-09,93.69
2024-12-06,93.97
2024-12-05,93.7
2024-12-04,93.68
2024-12-03,93.38
2024-12-02,93.56
2024-11-29,93.55
2024-11-27,93.18
2024-11-26,92.93
2024-11-25,93.07
2024-11-22,92.24
2024-11-21,92.17
2024-11-20,92.22
2024-11-19,92.31
2024-11-18,92.18
2024-11-15,92.1
2024-11-14,92.09
2024-11-13,92.13
2024-11-12,92.14
2024-11-11,92.68
2024-11-08,92.89
2024-11-07,92.73
2024-11-06,92.03
2024-11-05,92.76
2024-11-04,92.54
2024-11-01,92.15
2024-10-31,92.52
2024-10-30,92.54
2024-10-29,92.63
2024-10-28,92.53
2024-10-25,92.68
2024-10-24,92.87
2024-10-23,92.69
2024-10-22,92.93
2024-10-21,92.91
2024-10-18,93.56
2024-10-17,93.49
2024-10-16,93.95
2024-10-15,93.83
2024-10-14,93.45
2024-10-11,93.54
2024-10-10,93.51
2024-10-09,93.57
2024-10-08,93.81
2024-10-07,93.65
2024-10-04,93.97
2024-10-03,94.58
2024-10-02,94.97
2024-10-01,95.16
2024-09-30,94.91
2024-09-27,95.13
2024-09-26,94.86
2024-09-25,94.84
2024-09-24,95.2
2024-09-23,95.07
2024-09-20,95.11
2024-09-19,95.19
2024-09-18,95.18
2024-09-17,95.48
2024-09-16,95.58
2024-09-13,95.35
2024-09-12,95.16
2024-09-11,95.24
2024-09-10,95.27
2024-09-09,94.98
2024-09-06,94.84
2024-09-05,94.72
2024-09-04,94.47
2024-09-03,94.06
2024-08-30,93.66
2024-08-29,93.89
2024-08-28,94.01
2024-08-27,94.09
2024-08-26,94.07
2024-08-23,94.15
2024-08-22,93.72
2024-08-21,94.1
2024-08-20,93.93
2024-08-19,93.65
2024-08-16,93.54
2024-08-15,93.32
2024-08-14,93.71
2024-08-13,93.54
2024-08-12,93.17
2024-08-09,93.01
2024-08-08,92.68
2024-08-07,92.82
2024-08-06,93.1
2024-08-05,93.66
2024-08-02,93.74
2024-08-01,92.7
2024-07-31,92.31
2024-07-30,91.82
2024-07-29,91.73
2024-07-26,91.58
2024-07-25,91.25
2024-07-24,91
2024-07-23,91.28
2024-07-22,91.29
2024-07-19,91.33
2024-07-18,91.51
2024-07-17,91.77
2024-07-16,91.7
2024-07-15,91.33
2024-07-12,91.64
2024-07-11,91.39
2024-07-10,90.93
2024-07-09,90.83
2024-07-08,90.92
2024-07-05,90.89
2024-07-03,90.43
2024-07-02,89.95
2024-07-01,89.65
2024-06-28,90.13
2024-06-27,90.58
2024-06-26,90.43
2024-06-25,90.84
2024-06-24,90.85
2024-06-21,90.77
2024-06-20,90.77
2024-06-18,90.92
2024-06-17,90.6
2024-06-14,90.92
2024-06-13,90.83
2024-06-12,90.38
2024-06-11,89.95
2024-06-10,89.64
2024-06-07,89.72
2024-06-06,90.51
2024-06-05,90.49
2024-06-04,90.21
2024-06-03,89.88
2024-05-31,89.34
2024-05-30,89.06
2024-05-29,88.64
2024-05-28,88.98
2024-05-24,89.4
2024-05-23,89.3
2024-05-22,89.55
2024-05-21,89.66
2024-05-20,89.49
2024-05-17,89.57
2024-05-16,89.86
2024-05-15,89.96
2024-05-14,89.37
2024-05-13,89.13
2024-05-10,89.08
2024-05-09,89.27
2024-05-08,89.1
2024-05-07,89.29
2024-05-06,89.1
2024-05-03,89.04
2024-05-02,88.58
2024-05-01,88.19
2024-04-30,87.88
2024-04-29,88.24
2024-04-26,87.97
2024-04-25,87.77
2024-04-24,88.02
2024-04-23,88.25
2024-04-22,88.07
2024-04-19,88.01
2024-04-18,87.92
2024-04-17,88.17
2024-04-16,87.77
2024-04-15,88.01
2024-04-12,88.55
2024-04-11,88.38
2024-04-10,88.36
2024-04-09,89.44
2024-04-08,89.13
2024-04-05,89.21
2024-04-04,89.66
2024-04-03,89.44
2024-04-02,89.39
2024-04-01,89.45
2024-03-28,90.11
2024-03-27,90.22
2024-03-26,89.93
2024-03-25,89.83
2024-03-22,90
2024-03-21,89.71
2024-03-20,89.65
2024-03-19,89.46
2024-03-18,89.24
2024-03-15,89.34
2024-03-14,89.35
2024-03-13,89.92
2024-03-12,90.08
2024-03-11,90.31
2024-03-08,90.41
2024-03-07,90.33
2024-03-06,90.14
2024-03-05,90
2024-03-04,89.51
2024-03-01,89.73
2024-02-29,89.3
2024-02-28,89.16
2024-02-27,88.98
2024-02-26,89.1
2024-02-23,89.29
2024-02-22,88.96
2024-02-21,88.89
2024-02-20,89.16
2024-02-16,89.07
2024-02-15,89.36
2024-02-14,89.15
2024-02-13,88.75
2024-02-12,89.58
2024-02-09,89.56
2024-02-08,89.59
2024-02-07,89.86
2024-02-06,90.05
2024-02-05,89.58
2024-02-02,90.32
2024-02-01,91.16
2024-01-31,90.64
2024-01-30,90.23
2024-01-29,90.05
2024-01-26,89.7
2024-01-25,89.8
2024-01-24,89.4
2024-01-23,89.6
2024-01-22,89.82
2024-01-19,89.65
2024-01-18,89.63
2024-01-17,89.72
2024-01-16,89.96
2024-01-12,90.64
2024-01-11,90.48
2024-01-10,89.96
2024-01-09,90.14
2024-01-08,90.15
2024-01-05,89.82
2024-01-04,90.03
2024-01-03,90.39
2024-01-02,90.35
2023-12-29,90.78
2023-12-28,90.95
2023-12-27,91.15
2023-12-26,90.58
2023-12-22,90.39
2023-12-21,90.51
2023-12-20,90.52
2023-12-19,90.19
2023-12-18,90.08
2023-12-15,90.26
2023-12-14,90.48
2023-12-13,89.75
2023-12-12,88.64
2023-12-11,88.37
2023-12-08,88.36
2023-12-07,88.81
2023-12-06,88.78
2023-12-05,88.56
2023-12-04,87.97
2023-12-01,88.31
2023-11-30,87.54
2023-11-29,87.83
2023-11-28,87.4
2023-11-27,87.02
2023-11-24,86.53
2023-11-22,86.93
2023-11-21,86.85
2023-11-20,86.76
2023-11-17,86.62
2023-11-16,86.45
2023-11-15,85.98
2023-11-14,86.51
2023-11-13,85.44
2023-11-10,85.45
2023-11-09,85.25
2023-11-08,85.97
2023-11-07,85.68
2023-11-06,85.22
2023-11-03,85.65
2023-11-02,85.13
2023-11-01,84.62
2023-10-31,83.7
2023-10-30,83.75
2023-10-27,83.95
2023-10-26,83.98
2023-10-25,83.41
2023-10-24,84.04
2023-10-23,83.74
2023-10-20,83.41
2023-10-19,83.12
2023-10-18,83.43
2023-10-17,83.82
2023-10-16,84.43
2023-10-13,84.9
2023-10-12,84.54
2023-10-11,85.27
2023-10-10,84.88
2023-10-09,84.97
2023-10-06,84.09
2023-10-05,84.42
2023-10-04,84.37
2023-10-03,83.78
2023-10-02,84.44
2023-09-29,85.03
2023-09-28,85.11
2023-09-27,84.86
2023-09-26,85.16
2023-09-25,85.27
2023-09-22,85.94
2023-09-21,85.58
2023-09-20,86.17
2023-09-19,86.22
2023-09-18,86.47
2023-09-15,86.34
2023-09-14,86.54
2023-09-13,86.66
2023-09-12,86.53
2023-09-11,86.51
2023-09-08,86.6
2023-09-07,86.56
2023-09-06,86.29
2023-09-05,86.37
2023-09-01,86.84
2023-08-31,87.29
2023-08-30,87.17
2023-08-29,87.2
2023-08-28,86.64
2023-08-25,86.45
2023-08-24,86.51
2023-08-23,86.71
2023-08-22,85.89
2023-08-21,85.79
2023-08-18,86.23
2023-08-17,86.04
2023-08-16,86.13
2023-08-15,86.34
2023-08-14,86.57
2023-08-11,86.63
2023-08-10,86.9
2023-08-09,87.47
2023-08-08,87.41
2023-08-07,87.2
2023-08-04,87.18
2023-08-03,86.47
2023-08-02,87.06
2023-08-01,87.26
2023-07-31,87.85
2023-07-28,87.74
2023-07-27,87.4
2023-07-26,88.15
2023-07-25,87.86
2023-07-24,87.96
2023-07-21,88.13
2023-07-20,88.06
2023-07-19,88.52
2023-07-18,88.25
2023-07-17,88.18
2023-07-14,88.08
2023-07-13,88.5
2023-07-12,87.95
2023-07-11,87.24
2023-07-10,87.06
2023-07-07,86.81
2023-07-06,86.79
2023-07-05,87.36
2023-07-03,87.76
2023-06-30,87.86
2023-06-29,87.65
2023-06-28,88.34
2023-06-27,88.08
2023-06-26,88.25
2023-06-23,88.14
2023-06-22,87.88
2023-06-21,88.34
2023-06-20,88.19
2023-06-16,88.03
2023-06-15,88.31
2023-06-14,87.7
2023-06-13,87.62
2023-06-12,88.03
2023-06-09,87.88
2023-06-08,88.08
2023-06-07,87.62
2023-06-06,88.08
2023-06-05,87.98
2023-06-02,87.99
2023-06-01,88.45
2023-05-31,88.18
2023-05-30,87.87
2023-05-26,87.29
2023-05-25,87.22
2023-05-24,87.54
2023-05-23,87.76
2023-05-22,87.67
2023-05-19,87.75
2023-05-18,87.94
2023-05-17,88.35
2023-05-16,88.49
2023-05-15,88.69
2023-05-12,88.92
2023-05-11,89.42
2023-05-10,89.15
2023-05-09,88.58
2023-05-08,88.66
2023-05-05,89.15
2023-05-04,89.44
2023-05-03,89.54
2023-05-02,89.15
2023-05-01,88.29
2023-04-28,89.21
2023-04-27,88.75
2023-04-26,89.07
2023-04-25,89.4
2023-04-24,88.85
2023-04-21,88.5
2023-04-20,88.65
2023-04-19,88.25
2023-04-18,88.38
2023-04-17,88.26
2023-04-14,88.71
2023-04-13,89.14
2023-04-12,89.18
2023-04-11,89.07
2023-04-10,89.02
2023-04-06,89.63
2023-04-05,89.71
2023-04-04,89.41
2023-04-03,89.08
2023-03-31,88.7
2023-03-30,88.27
2023-03-29,88.17
2023-03-28,88.06
2023-03-27,88.2
2023-03-24,89.16
2023-03-23,89.01
2023-03-22,88.79
2023-03-21,87.95
2023-03-20,88.21
2023-03-17,88.57
2023-03-16,88.02
2023-03-15,88.37
2023-03-14,87.49
2023-03-13,88.01
2023-03-10,87.32
2023-03-09,86.31
2023-03-08,86
2023-03-07,86.09
2023-03-06,86.2
2023-03-03,86.42
2023-03-02,85.74
2023-03-01,85.92
2023-02-28,86.41
2023-02-27,86.42
2023-02-24,86.25
2023-02-23,86.75
2023-02-22,86.44
2023-02-21,86.21
2023-02-17,87.03
2023-02-16,86.82
2023-02-15,87.19
2023-02-14,87.35
2023-02-13,87.66
2023-02-10,87.4
2023-02-09,87.78
2023-02-08,88.13
2023-02-07,88
2023-02-06,88.15
2023-02-03,88.64
2023-02-02,89.5
2023-02-01,89.41
2023-01-31,88.78
2023-01-30,88.42
2023-01-27,88.66
2023-01-26,88.79
2023-01-25,88.94
2023-01-24,88.83
2023-01-23,88.44
2023-01-20,88.66
2023-01-19,89.03
2023-01-18,89.23
2023-01-17,88.35
2023-01-13,88.51
2023-01-12,88.84
2023-01-11,88.2
2023-01-10,87.66
2023-01-09,88
2023-01-06,87.78
2023-01-05,86.83
2023-01-04,86.9
2023-01-03,86.42
2022-12-30,85.92
2022-12-29,86.33
2022-12-28,86.01
2022-12-27,86.16
2022-12-23,86.79
2022-12-22,87.09
2022-12-21,87.11
2022-12-20,86.87
2022-12-19,87.47
2022-12-16,88.01
2022-12-15,88.24
2022-12-14,88.11
2022-12-13,87.92
2022-12-12,87.33
2022-12-09,87.31
2022-12-08,87.84
2022-12-07,88.1
2022-12-06,87.32
2022-12-05,87.07
2022-12-02,87.76
2022-12-01,87.39
2022-11-30,86.67
2022-11-29,86
2022-11-28,86.31
2022-11-25,86.45
2022-11-23,86.43
2022-11-22,85.92
2022-11-21,85.48
2022-11-18,85.53
2022-11-17,85.66
2022-11-16,86.02
2022-11-15,85.49
2022-11-14,84.86
2022-11-11,85.1
2022-11-10,85.16
2022-11-09,83.37
2022-11-08,83.28
2022-11-07,82.92
2022-11-04,83.19
2022-11-03,83.2
2022-11-02,83.51
2022-11-01,83.65
2022-10-31,83.49
2022-10-28,83.77
2022-10-27,83.99
2022-10-26,83.56
2022-10-25,83.19
2022-10-24,82.38
2022-10-21,82.5
2022-10-20,82.38
2022-10-19,82.88
2022-10-18,83.6
2022-10-17,83.46
2022-10-14,83.28
2022-10-13,83.74
2022-10-12,84
2022-10-11,83.93
2022-10-10,83.88
2022-10-07,84.26
2022-10-06,84.71
2022-10-05,85.04
2022-10-04,85.49
2022-10-03,85.26
2022-09-30,84.57
2022-09-29,84.78
2022-09-28,85.22
2022-09-27,83.87
2022-09-26,84.23
2022-09-23,85.33
2022-09-22,85.59
2022-09-21,86.51
2022-09-20,86.24
2022-09-19,86.63
2022-09-16,86.76
2022-09-15,86.82
2022-09-14,87.08
2022-09-13,86.97
2022-09-12,87.46
2022-09-09,87.59
2022-09-08,87.6
2022-09-07,87.88
2022-09-06,87.28
2022-09-02,88.1
2022-09-01,87.85
2022-08-31,88.23
2022-08-30,88.7
2022-08-29,88.59
2022-08-26,89.02
2022-08-25,89.19
2022-08-24,88.7
2022-08-23,88.93
2022-08-22,88.97
2022-08-19,89.35
2022-08-18,89.98
2022-08-17,89.79
2022-08-16,90.32
2022-08-15,90.46
2022-08-12,90.34
2022-08-11,89.94
2022-08-10,90.42
2022-08-09,90.19
2022-08-08,90.4
2022-08-05,89.98
2022-08-04,91
2022-08-03,90.78
2022-08-02,90.38
2022-08-01,91.31
2022-07-29,91
2022-07-28,90.99
2022-07-27,90.34
2022-07-26,90.03
2022-07-25,90.05
2022-07-22,90.38
2022-07-21,89.68
2022-07-20,88.94
2022-07-19,89
2022-07-18,89.12
2022-07-15,89.41
2022-07-14,89.06
2022-07-13,89.37
2022-07-12,89.05
2022-07-11,88.93
2022-07-08,88.52
2022-07-07,88.85
2022-07-06,89.05
2022-07-05,89.65
2022-07-01,89.49
2022-06-30,88.75
2022-06-29,88.35
2022-06-28,87.84
2022-06-27,87.8
2022-06-24,88.2
2022-06-23,88.34
2022-06-22,87.97
2022-06-21,87.23
2022-06-17,87.58
2022-06-16,87.59
2022-06-15,87.38
2022-06-14,86.42
2022-06-13,86.93
2022-06-10,88.38
2022-06-09,89.07
2022-06-08,89.17
2022-06-07,89.53
2022-06-06,89.19
2022-06-03,89.74
2022-06-02,89.89
2022-06-01,89.78
2022-05-31,90.15
2022-05-27,90.72
2022-05-26,90.57
2022-05-25,90.64
2022-05-24,90.27
2022-05-23,89.58
2022-05-20,89.88
2022-05-19,89.61
2022-05-18,89.38
2022-05-17,89.02
2022-05-16,89.51
2022-05-13,89.31
2022-05-12,89.69
2022-05-11,89.53
2022-05-10,89.2
2022-05-09,88.93
2022-05-06,88.49
2022-05-05,88.87
2022-05-04,89.76
2022-05-03,89.18
2022-05-02,88.98
2022-04-29,89.47
2022-04-28,90.01
2022-04-27,90.04
2022-04-26,90.41
2022-04-25,90.13
2022-04-22,89.53
2022-04-21,89.61
2022-04-20,90.11
2022-04-19,89.6
2022-04-18,90.14
2022-04-14,90.42
2022-04-13,91.16
2022-04-12,90.98
2022-04-11,90.69
2022-04-08,91.08
2022-04-07,91.55
2022-04-06,91.75
2022-04-05,91.98
2022-04-04,92.92
2022-04-01,92.84
2022-03-31,93.01
2022-03-30,93.05
2022-03-29,92.8
2022-03-28,92.36
2022-03-25,92.14
2022-03-24,92.88
2022-03-23,93.08
2022-03-22,92.7
2022-03-21,92.95
2022-03-18,93.87
2022-03-17,93.67
2022-03-16,93.51
2022-03-15,93.44
2022-03-14,93.23
2022-03-11,94.14
2022-03-10,94.16
2022-03-09,94.69
2022-03-08,94.89
2022-03-07,95.23
2022-03-04,95.79
2022-03-03,95.4
2022-03-02,95.08
2022-03-01,96.24
2022-02-28,95.7
2022-02-25,95.01
2022-02-24,94.92
2022-02-23,94.74
2022-02-22,95.17
2022-02-18,95.27
2022-02-17,95.07
2022-02-16,94.87
2022-02-15,94.76
2022-02-14,94.92
2022-02-11,95.47
2022-02-10,94.85
2022-02-09,95.73
2022-02-08,95.67
2022-02-07,95.97
2022-02-04,95.88
2022-02-03,96.49
2022-02-02,96.88
2022-02-01,96.77
2022-01-31,96.81
2022-01-28,96.82
2022-01-27,96.75
2022-01-26,96.43
2022-01-25,96.97
2022-01-24,97.07
2022-01-21,97.18
2022-01-20,96.8
2022-01-19,96.75
2022-01-18,96.54
2022-01-14,97.13
2022-01-13,97.67
2022-01-12,97.5
2022-01-11,97.5
2022-01-10,97.32
2022-01-07,97.4
2022-01-06,97.69
2022-01-05,97.79
2022-01-04,98.1
2022-01-03,98.11
2021-12-31,98.78
2021-12-30,98.82
2021-12-29,98.6
2021-12-28,98.89
2021-12-27,98.94
2021-12-23,98.88
2021-12-22,99.01
2021-12-21,98.92
2021-12-20,99
2021-12-17,99.14
2021-12-16,99.02
2021-12-15,98.89
2021-12-14,98.97
2021-12-13,99.16
2021-12-10,98.81
2021-12-09,98.78
2021-12-08,98.77
2021-12-07,99.03
2021-12-06,99.19
2021-12-03,99.54
2021-12-02,99.14
2021-12-01,99.16
2021-11-30,99.14
2021-11-29,98.97
2021-11-26,98.92
2021-11-24,98.22
2021-11-23,98
2021-11-22,98.38
2021-11-19,98.86
2021-11-18,98.67
2021-11-17,98.58
2021-11-16,98.35
2021-11-15,98.38
2021-11-12,98.75
2021-11-11,98.76
2021-11-10,98.95
2021-11-09,99.62
2021-11-08,99.34
2021-11-05,99.53
2021-11-04,99.14
2021-11-03,98.81
2021-11-02,99.01
2021-11-01,98.81
2021-10-29,98.87
2021-10-28,98.89
2021-10-27,98.97
2021-10-26,98.64
2021-10-25,98.46
2021-10-22,98.37
2021-10-21,98.18
2021-10-20,98.39
2021-10-19,98.45
2021-10-18,98.74
2021-10-15,98.81
2021-10-14,99.05
2021-10-13,98.86
2021-10-12,98.64
2021-10-11,98.27
2021-10-08,98.43
2021-10-07,98.64
2021-10-06,98.92
2021-10-05,98.88
2021-10-04,99.11
2021-10-01,99.18
2021-09-30,98.88
2021-09-29,98.89
2021-09-28,98.83
2021-09-27,99.24
2021-09-24,99.38
2021-09-23,99.55
2021-09-22,100.04
2021-09-21,100.01
2021-09-20,99.96
2021-09-17,99.77
2021-09-16,99.86
2021-09-15,100.03
2021-09-14,100.13
2021-09-13,99.9
2021-09-10,99.77
2021-09-09,99.97
2021-09-08,99.65
2021-09-07,99.49
2021-09-03,99.76
2021-09-02,99.93
2021-09-01,99.82
2021-08-31,99.79
2021-08-30,99.94
2021-08-27,99.83
2021-08-26,99.55
2021-08-25,99.54
2021-08-24,99.73
2021-08-23,99.88
2021-08-20,99.88
2021-08-19,99.87
2021-08-18,99.7
2021-08-17,99.69
2021-08-16,99.77
2021-08-13,99.72
2021-08-12,99.35
2021-08-11,99.35
2021-08-10,99.25
2021-08-09,99.38
2021-08-06,99.56
2021-08-05,100.01
2021-08-04,100.23
2021-08-03,100.24
2021-08-02,100.21
2021-07-30,99.99
2021-07-29,99.86
2021-07-28,100.02
2021-07-27,99.92
2021-07-26,99.69
2021-07-23,99.78
2021-07-22,99.85
2021-07-21,99.62
2021-07-20,99.94
2021-07-19,100.04
2021-07-16,99.51
2021-07-15,99.6
2021-07-14,99.38
2021-07-13,99.05
2021-07-12,99.26
2021-07-09,99.32
2021-07-08,99.65
2021-07-07,99.54
2021-07-06,99.37
2021-07-02,99.05
2021-07-01,98.83
2021-06-30,98.89
2021-06-29,98.82
2021-06-28,98.77
2021-06-25,98.49
2021-06-24,98.68
2021-06-23,98.65
2021-06-22,98.7
2021-06-21,98.6
2021-06-18,98.85
2021-06-17,98.59
2021-06-16,98.28
2021-06-15,98.6
2021-06-14,98.55
2021-06-11,98.8
2021-06-10,98.85
2021-06-09,98.64
2021-06-08,98.44
2021-06-07,98.26
2021-06-04,98.33
2021-06-03,97.93
2021-06-02,98.16
2021-06-01,98.03
2021-05-28,98.08
2021-05-27,98.08
2021-05-26,98.2
2021-05-25,98.23
2021-05-24,97.99
2021-05-21,97.9
2021-05-20,97.85
2021-05-19,97.52
2021-05-18,97.66
2021-05-17,97.78
2021-05-14,97.86
2021-05-13,97.64
2021-05-12,97.42
2021-05-11,97.76
2021-05-10,97.97
2021-05-07,98.13
2021-05-06,98.15
2021-05-05,98.14
2021-05-04,98.06
2021-05-03,97.94
2021-04-30,97.88
2021-04-29,97.77
2021-04-28,97.83
2021-04-27,97.77
2021-04-26,98.01
2021-04-23,98.1
2021-04-22,98.12
2021-04-21,98.09
2021-04-20,98
2021-04-19,97.84
2021-04-16,97.92
2021-04-15,98.18
2021-04-14,97.79
2021-04-13,97.87
2021-04-12,97.59
2021-04-09,97.61
2021-04-08,97.72
2021-04-07,97.48
2021-04-06,97.64
2021-04-05,97.3
2021-04-01,97.49
2021-03-31,97.17
2021-03-30,97.15
2021-03-29,97.07
2021-03-26,97.23
2021-03-25,97.4
2021-03-24,97.45
2021-03-23,97.33
2021-03-22,97.08
2021-03-19,96.89
2021-03-18,96.82
2021-03-17,97.19
2021-03-16,97.2
2021-03-15,97.23
2021-03-12,97.13
2021-03-11,97.69
2021-03-10,97.7
2021-03-09,97.53
2021-03-08,97.17
2021-03-05,97.55
2021-03-04,97.62
2021-03-03,97.9
2021-03-02,98.26
2021-03-01,98.24
2021-02-26,98.29
2021-02-25,97.5
2021-02-24,98.4
2021-02-23,98.44
2021-02-22,98.41
2021-02-19,98.72
2021-02-18,99.03
2021-02-17,99.08
2021-02-16,98.88
2021-02-12,99.35
2021-02-11,99.58
2021-02-10,99.7
2021-02-09,99.61
2021-02-08,99.56
2021-02-05,99.46
2021-02-04,99.59
2021-02-03,99.63
2021-02-02,99.75
2021-02-01,99.9
2021-01-29,99.81
2021-01-28,99.92
2021-01-27,99.99
2021-01-26,99.98
2021-01-25,100.01
2021-01-22,99.76
2021-01-21,99.76
2021-01-20,99.9
2021-01-19,99.89
2021-01-15,99.76
2021-01-14,99.65
2021-01-13,99.85
2021-01-12,99.54
2021-01-11,99.45
2021-01-08,99.61
2021-01-07,99.73
2021-01-06,99.83
2021-01-05,100.33
2021-01-04,100.43
2020-12-31,100.56
2020-12-30,100.48
2020-12-29,100.42
2020-12-28,100.4
2020-12-24,100.39
2020-12-23,100.29
2020-12-22,100.36
2020-12-21,100.22
2020-12-18,100.22
2020-12-17,100.27
2020-12-16,100.27
2020-12-15,100.31
2020-12-14,100.25
2020-12-11,100.31
2020-12-10,100.2
2020-12-09,99.96
2020-12-08,100.1
2020-12-07,100.09
2020-12-04,99.94
2020-12-03,100.21
2020-12-02,100.04
2020-12-01,100.15
2020-11-30,100.47
2020-11-27,100.33
2020-11-25,100.17
2020-11-24,100.2
2020-11-23,100.33
2020-11-20,100.36
2020-11-19,100.26
2020-11-18,100.07
2020-11-17,100
2020-11-16,99.8
2020-11-13,99.81
2020-11-12,99.79
2020-11-11,99.38
2020-11-10,99.32
2020-11-09,99.48
2020-11-06,99.94
2020-11-05,100.17
2020-11-04,100.07
2020-11-03,99.41
2020-11-02,99.45
2020-10-30,99.27
2020-10-29,99.54
2020-10-28,99.72
2020-10-27,99.87
2020-10-26,99.64
2020-10-23,99.5
2020-10-22,99.36
2020-10-21,99.54
2020-10-20,99.65
2020-10-19,99.74
2020-10-16,99.86
2020-10-15,99.91
2020-10-14,99.99
2020-10-13,99.93
2020-10-12,99.91
2020-10-09,99.71
2020-10-08,99.69
2020-10-07,99.56
2020-10-06,99.63
2020-10-05,99.54
2020-10-02,99.87
2020-10-01,99.97
2020-09-30,99.83
2020-09-29,99.99
2020-09-28,99.97
2020-09-25,99.89
2020-09-24,99.86
2020-09-23,99.85
2020-09-22,100.06
2020-09-21,99.98
2020-09-18,99.97
2020-09-17,100.08
2020-09-16,100.06
2020-09-15,100.11
2020-09-14,100.1
2020-09-11,100.09
2020-09-10,99.97
2020-09-09,99.97
2020-09-08,99.97
2020-09-04,99.86
2020-09-03,100.36
2020-09-02,100.34
2020-09-01,100.13
2020-08-31,99.93
2020-08-28,99.71
2020-08-27,99.57
2020-08-26,99.92
2020-08-25,99.94
2020-08-24,100.15
2020-08-21,100.19
2020-08-20,100.09
2020-08-19,99.91
2020-08-18,100.06
2020-08-17,99.92
2020-08-14,99.78
2020-08-13,99.88
2020-08-12,100.25
2020-08-11,100.45
2020-08-10,100.73
2020-08-07,100.82
2020-08-06,100.94
2020-08-05,100.8
2020-08-04,100.99
2020-08-03,100.8
2020-07-31,100.76
2020-07-30,100.71
2020-07-29,100.64
2020-07-28,100.52
2020-07-27,100.45
2020-07-24,100.52
2020-07-23,100.55
2020-07-22,100.44
2020-07-21,100.35
2020-07-20,100.29
2020-07-17,100.18
2020-07-16,100.08
2020-07-15,100.02
2020-07-14,100.01
2020-07-13,99.85
2020-07-10,99.86
2020-07-09,99.97
2020-07-08,99.71
2020-07-07,99.75
2020-07-06,99.59
2020-07-02,99.6
2020-07-01,99.48
2020-06-30,99.43
2020-06-29,99.35
2020-06-26,99.26
2020-06-25,99.15
2020-06-24,99.03
2020-06-23,99.04
2020-06-22,99.06
2020-06-19,99.09
2020-06-18,99.05
2020-06-17,98.95
2020-06-16,99.04
2020-06-15,99.23
2020-06-12,98.9
2020-06-11,98.8
2020-06-10,98.97
2020-06-09,98.57
2020-06-08,98.44
2020-06-05,98.33
2020-06-04,98.27
2020-06-03,98.57
2020-06-02,98.81
2020-06-01,98.72
2020-05-29,98.78
2020-05-28,98.52
2020-05-27,98.59
2020-05-26,98.44
2020-05-22,98.6
2020-05-21,98.55
2020-05-20,98.48
2020-05-19,98.23
2020-05-18,98.12
2020-05-15,98.26
2020-05-14,98.2
2020-05-13,97.9
2020-05-12,97.74
2020-05-11,97.49
2020-05-08,97.78
2020-05-07,98.04
2020-05-06,97.74
2020-05-05,98.13
2020-05-04,98.21
2020-05-01,98.13
2020-04-30,98.12
2020-04-29,98.34
2020-04-28,98.27
2020-04-27,97.89
2020-04-24,98.34
2020-04-23,98.39
2020-04-22,98.15
2020-04-21,98.15
2020-04-20,98.1
2020-04-17,98.25
2020-04-16,98.36
2020-04-15,98.24
2020-04-14,97.84
2020-04-13,97.79
2020-04-09,98.25
2020-04-08,97.04
2020-04-07,96.95
2020-04-06,96.81
2020-04-03,96.34
2020-04-02,96.28
2020-04-01,96.13
2020-03-31,96.46
2020-03-30,96.72
2020-03-27,96.63
2020-03-26,96.22
2020-03-25,95.93
2020-03-24,94.96
2020-03-23,94.18
2020-03-20,92
2020-03-19,91.09
2020-03-18,89.1
2020-03-17,92.63
2020-03-16,95.09
2020-03-13,93.53
2020-03-12,92.08
2020-03-11,95.92
2020-03-10,97.31
2020-03-09,98.42
2020-03-06,98.54
2020-03-05,97.83
2020-03-04,97.52
2020-03-03,97.6
2020-03-02,96.94
2020-02-28,96.97
2020-02-27,96.26
2020-02-26,96.25
2020-02-25,96.35
2020-02-24,96.18
2020-02-21,95.87
2020-02-20,95.68
2020-02-19,95.46
2020-02-18,95.49
2020-02-14,95.36
2020-02-13,95.26
2020-02-12,95.2
2020-02-11,95.3
2020-02-10,95.41
2020-02-07,95.3
2020-02-06,95.03
2020-02-05,94.97
2020-02-04,95.11
2020-02-03,95.43
2020-01-31,95.46
2020-01-30,95.18
2020-01-29,95.17
2020-01-28,94.95
2020-01-27,95.04
2020-01-24,94.74
2020-01-23,94.57
2020-01-22,94.44
2020-01-21,94.39
2020-01-17,94.13
2020-01-16,94.24
2020-01-15,94.24
2020-01-14,94.09
2020-01-13,94.01
2020-01-10,94.07
2020-01-09,93.91
2020-01-08,93.81
2020-01-07,93.92
2020-01-06,94.02
2020-01-03,94.09
2020-01-02,93.82
2019-12-31,93.56
2019-12-30,93.78
2019-12-27,93.78
2019-12-26,93.65
2019-12-24,93.57
2019-12-23,93.45
2019-12-20,93.52
2019-12-19,93.5
2019-12-18,93.4
2019-12-17,93.59
2019-12-16,93.58
2019-12-13,93.77
2019-12-12,93.39
2019-12-11,93.79
2019-12-10,93.54
2019-12-09,93.58
2019-12-06,93.53
2019-12-05,93.66
2019-12-04,93.77
2019-12-03,93.93
2019-12-02,93.5
2019-11-29,93.61
2019-11-27,93.72
2019-11-26,93.84
2019-11-25,93.71
2019-11-22,93.61
2019-11-21,93.56
2019-11-20,93.7
2019-11-19,93.47
2019-11-18,93.41
2019-11-15,93.23
2019-11-14,93.28
2019-11-13,93.02
2019-11-12,92.85
2019-11-11,92.75
2019-11-08,92.73
2019-11-07,92.78
2019-11-06,93.22
2019-11-05,93.08
2019-11-04,93.43
2019-11-01,93.66
2019-10-31,93.64
2019-10-30,93.27
2019-10-29,93.01
2019-10-28,93
2019-10-25,93.2
2019-10-24,93.33
2019-10-23,93.31
2019-10-22,93.23
2019-10-21,93.09
2019-10-18,93.35
2019-10-17,93.28
2019-10-16,93.31
2019-10-15,93.14
2019-10-14,93.45
2019-10-11,93.29
2019-10-10,93.6
2019-10-09,93.92
2019-10-08,93.97
2019-10-07,93.94
2019-10-04,94.19
2019-10-03,94.04
2019-10-02,93.68
2019-10-01,93.61
2019-09-30,93.44
2019-09-27,93.42
2019-09-26,93.3
2019-09-25,93.15
2019-09-24,93.53
2019-09-23,93.28
2019-09-20,93.24
2019-09-19,92.9
2019-09-18,92.77
2019-09-17,92.66
2019-09-16,92.52
2019-09-13,92.27
2019-09-12,92.82
2019-09-11,92.97
2019-09-10,92.96
2019-09-09,93.46
2019-09-06,93.86
2019-09-05,93.76
2019-09-04,94.16
2019-09-03,94
2019-08-30,94.02
2019-08-29,93.94
2019-08-28,93.99
2019-08-27,93.99
2019-08-26,93.69
2019-08-23,93.73
2019-08-22,93.35
2019-08-21,93.6
2019-08-20,93.65
2019-08-19,93.39
2019-08-16,93.64
2019-08-15,93.71
2019-08-14,93.29
2019-08-13,93
2019-08-12,93.13
2019-08-09,92.79
2019-08-08,92.92
2019-08-07,92.82
2019-08-06,92.87
2019-08-05,92.63
2019-08-02,92.22
2019-08-01,92.19
2019-07-31,91.47
2019-07-30,91.43
2019-07-29,91.44
2019-07-26,91.4
2019-07-25,91.38
2019-07-24,91.52
2019-07-23,91.39
2019-07-22,91.48
2019-07-19,91.37
2019-07-18,91.47
2019-07-17,91.33
2019-07-16,91.09
2019-07-15,91.19
2019-07-12,91.05
2019-07-11,90.96
2019-07-10,91.29
2019-07-09,91.23
2019-07-08,91.25
2019-07-05,91.3
2019-07-03,91.69
2019-07-02,91.54
2019-07-01,91.37
2019-06-28,91.31
2019-06-27,91.35
2019-06-26,91.09
2019-06-25,91.3
2019-06-24,91.28
2019-06-21,91.12
2019-06-20,91.36
2019-06-19,91.2
2019-06-18,90.89
2019-06-17,90.64
2019-06-14,90.67
2019-06-13,90.69
2019-06-12,90.5
2019-06-11,90.38
2019-06-10,90.4
2019-06-07,90.64
2019-06-06,90.38
2019-06-05,90.4
2019-06-04,90.45
2019-06-03,90.53
2019-05-31,90.32
2019-05-30,89.9
2019-05-29,89.66
2019-05-28,89.64
2019-05-24,89.51
2019-05-23,89.47
2019-05-22,89.21
2019-05-21,89.06
2019-05-20,89.07
2019-05-17,89.19
2019-05-16,89.17
2019-05-15,89.28
2019-05-14,89.12
2019-05-13,89.05
2019-05-10,88.9
2019-05-09,88.88
2019-05-08,88.83
2019-05-07,88.85
2019-05-06,88.74
2019-05-03,88.63
2019-05-02,88.48
2019-05-01,88.68
2019-04-30,88.62
2019-04-29,88.56
2019-04-26,88.72
2019-04-25,88.54
2019-04-24,88.55
2019-04-23,88.34
2019-04-22,88.19
2019-04-18,88.3
2019-04-17,88.18
2019-04-16,88.19
2019-04-15,88.34
2019-04-12,88.36
2019-04-11,88.53
2019-04-10,88.64
2019-04-09,88.47
2019-04-08,88.42
2019-04-05,88.46
2019-04-04,88.39
2019-04-03,88.33
2019-04-02,88.49
2019-04-01,88.39
2019-03-29,88.8
2019-03-28,88.81
2019-03-27,88.8
2019-03-26,88.61
2019-03-25,88.6
2019-03-22,88.43
2019-03-21,87.99
2019-03-20,87.98
2019-03-19,87.62
2019-03-18,87.67
2019-03-15,87.68
2019-03-14,87.46
2019-03-13,87.59
2019-03-12,87.64
2019-03-11,87.47
2019-03-08,87.46
2019-03-07,87.35
2019-03-06,87.11
2019-03-05,86.98
2019-03-04,86.92
2019-03-01,86.81
2019-02-28,86.95
2019-02-27,87.11
2019-02-26,87.3
2019-02-25,87.2
2019-02-22,87.22
2019-02-21,87
2019-02-20,87.2
2019-02-19,87.19
2019-02-15,87.14
2019-02-14,87.08
2019-02-13,86.95
2019-02-12,87.1
2019-02-11,87.08
2019-02-08,87.17
2019-02-07,86.98
2019-02-06,86.94
2019-02-05,86.99
2019-02-04,86.8
2019-02-01,86.87
2019-01-31,87.05
2019-01-30,86.79
2019-01-29,86.6
2019-01-28,86.37
2019-01-25,86.42
2019-01-24,86.46
2019-01-23,86.32
2019-01-22,86.23
2019-01-18,86.15
2019-01-17,86.22
2019-01-16,86.28
2019-01-15,86.21
2019-01-14,86.19
2019-01-11,86.32
2019-01-10,86.19
2019-01-09,86.29
2019-01-08,86.22
2019-01-07,86.28
2019-01-04,86.43
2019-01-03,86.69
2019-01-02,86.33
2018-12-31,86.27
2018-12-28,86.05
2018-12-27,85.73
2018-12-26,85.6
2018-12-24,85.76
2018-12-21,85.7
2018-12-20,85.74
2018-12-19,85.82
2018-12-18,85.74
2018-12-17,85.49
2018-12-14,85.34
2018-12-13,85.32
2018-12-12,85.3
2018-12-11,85.36
2018-12-10,85.34
2018-12-07,85.28
2018-12-06,85.17
2018-12-04,84.96
2018-12-03,84.73
2018-11-30,84.59
2018-11-29,84.62
2018-11-28,84.58
2018-11-27,84.41
2018-11-26,84.39
2018-11-23,84.41
2018-11-21,84.43
2018-11-20,84.37
2018-11-19,84.41
2018-11-16,84.41
2018-11-15,84.28
2018-11-14,84.17
2018-11-13,84.16
2018-11-12,84.13
2018-11-09,83.99
2018-11-08,83.89
2018-11-07,84.04
2018-11-06,83.97
2018-11-05,83.96
2018-11-02,83.91
2018-11-01,84.16
2018-10-31,83.94
2018-10-30,83.98
2018-10-29,84.1
2018-10-26,84.19
2018-10-25,84
2018-10-24,84.07
2018-10-23,83.86
2018-10-22,83.75
2018-10-19,83.77
2018-10-18,83.84
2018-10-17,83.9
2018-10-16,84.06
2018-10-15,84.02
2018-10-12,84.07
2018-10-11,84.05
2018-10-10,83.8
2018-10-09,83.82
2018-10-08,83.7
2018-10-05,83.74
2018-10-04,83.92
2018-10-03,84.16
2018-10-02,84.56
2018-10-01,84.47
2018-09-28,84.49
2018-09-27,84.58
2018-09-26,84.52
2018-09-25,84.32
2018-09-24,84.36
2018-09-21,84.44
2018-09-20,84.38
2018-09-19,84.26
2018-09-18,84.42
2018-09-17,84.61
2018-09-14,84.61
2018-09-13,84.77
2018-09-12,84.71
2018-09-11,84.66
2018-09-10,84.8
2018-09-07,84.72
2018-09-06,85.02
2018-09-05,84.88
2018-09-04,84.92
2018-08-31,85.01
2018-08-30,85.02
2018-08-29,84.98
2018-08-28,85
2018-08-27,85.16
2018-08-24,85.27
2018-08-23,85.17
2018-08-22,85.22
2018-08-21,85.15
2018-08-20,85.22
2018-08-17,85.05
2018-08-16,85.01
2018-08-15,84.96
2018-08-14,84.84
2018-08-13,84.92
2018-08-10,84.87
2018-08-09,84.69
2018-08-08,84.57
2018-08-07,84.57
2018-08-06,84.72
2018-08-03,84.66
2018-08-02,84.48
2018-08-01,84.45
2018-07-31,84.53
2018-07-30,84.46
2018-07-27,84.55
2018-07-26,84.49
2018-07-25,84.53
2018-07-24,84.53
2018-07-23,84.41
2018-07-20,84.7
2018-07-19,84.87
2018-07-18,84.74
2018-07-17,84.77
2018-07-16,84.8
2018-07-13,84.89
2018-07-12,84.81
2018-07-11,84.71
2018-07-10,84.68
2018-07-09,84.74
2018-07-06,84.82
2018-07-05,84.73
2018-07-03,84.65
2018-07-02,84.48
2018-06-29,84.56
2018-06-28,84.49
2018-06-27,84.5
2018-06-26,84.34
2018-06-25,84.21
2018-06-22,84.26
2018-06-21,84.18
2018-06-20,84.15
2018-06-19,84.31
2018-06-18,84.23
2018-06-15,84.21
2018-06-14,84.18
2018-06-13,83.96
2018-06-12,84.04
2018-06-11,84.02
2018-06-08,84.11
2018-06-07,84.23
2018-06-06,84.04
2018-06-05,84.23
2018-06-04,84.17
2018-06-01,84.37
2018-05-31,84.47
2018-05-30,84.54
2018-05-29,84.76
2018-05-25,84.2
2018-05-24,84.02
2018-05-23,83.79
2018-05-22,83.56
2018-05-21,83.56
2018-05-18,83.55
2018-05-17,83.34
2018-05-16,83.45
2018-05-15,83.54
2018-05-14,83.92
2018-05-11,84
2018-05-10,83.96
2018-05-09,83.77
2018-05-08,83.86
2018-05-07,83.96
2018-05-04,84
2018-05-03,83.94
2018-05-02,83.85
2018-05-01,83.85
2018-04-30,83.92
2018-04-27,83.9
2018-04-26,83.8
2018-04-25,83.66
2018-04-24,83.77
2018-04-23,83.88
2018-04-20,83.92
2018-04-19,84.15
2018-04-18,84.35
2018-04-17,84.59
2018-04-16,84.57
2018-04-13,84.55
2018-04-12,84.53
2018-04-11,84.72
2018-04-10,84.65
2018-04-09,84.71
2018-04-06,84.64
2018-04-05,84.45
2018-04-04,84.57
2018-04-03,84.53
2018-04-02,84.63
2018-03-29,84.71
2018-03-28,84.47
2018-03-27,84.42
2018-03-26,84.18
2018-03-23,84.21
2018-03-22,84.21
2018-03-21,84.05
2018-03-20,84.06
2018-03-19,84.19
2018-03-16,84.28
2018-03-15,84.33
2018-03-14,84.32
2018-03-13,84.18
2018-03-12,84.07
2018-03-09,84.02
2018-03-08,84.18
2018-03-07,84.04
2018-03-06,84.06
2018-03-05,84.04
2018-03-02,84.09
2018-03-01,84.22
2018-02-28,84.15
2018-02-27,83.92
2018-02-26,84.1
2018-02-23,84.04
2018-02-22,83.83
2018-02-21,83.82
2018-02-20,84.09
2018-02-16,84.17
2018-02-15,84.01
2018-02-14,83.91
2018-02-13,84.19
2018-02-12,84.17
2018-02-09,84.14
2018-02-08,84.25
2018-02-07,84.39
2018-02-06,84.58
2018-02-05,84.83
2018-02-02,84.49
2018-02-01,84.74
2018-01-31,85.01
2018-01-30,84.94
2018-01-29,85.07
2018-01-26,85.22
2018-01-25,85.38
2018-01-24,85.16
2018-01-23,85.24
2018-01-22,85.04
2018-01-19,85.07
2018-01-18,85.25
2018-01-17,85.44
2018-01-16,85.53
2018-01-12,85.51
2018-01-11,85.53
2018-01-10,85.49
2018-01-09,85.49
2018-01-08,85.72
2018-01-05,85.75
2018-01-04,85.8
2018-01-03,85.86
2018-01-02,85.85
2017-12-29,85.97
2017-12-28,85.89
2017-12-27,85.95
2017-12-26,85.68
2017-12-22,85.61
2017-12-21,85.57
2017-12-20,85.5
2017-12-19,85.69
2017-12-18,85.95
2017-12-15,86.06
2017-12-14,86.03
2017-12-13,86.01
2017-12-12,85.77
2017-12-11,85.8
2017-12-08,85.84
2017-12-07,85.87
2017-12-06,85.98
2017-12-05,85.89
2017-12-04,85.8
2017-12-01,85.81
2017-11-30,85.57
2017-11-29,85.71
2017-11-28,85.92
2017-11-27,85.92
2017-11-24,85.92
2017-11-22,85.94
2017-11-21,85.79
2017-11-20,85.7
2017-11-17,85.75
2017-11-16,85.65
2017-11-15,85.75
2017-11-14,85.58
2017-11-13,85.5
2017-11-10,85.5
2017-11-09,85.84
2017-11-08,85.91
2017-11-07,85.96
2017-11-06,85.94
2017-11-03,85.86
2017-11-02,85.78
2017-11-01,85.73
2017-10-31,85.69
2017-10-30,85.75
2017-10-27,85.51
2017-10-26,85.33
2017-10-25,85.42
2017-10-24,85.48
2017-10-23,85.66
2017-10-20,85.56
2017-10-19,85.81
2017-10-18,85.75
2017-10-17,85.88
2017-10-16,85.91
2017-10-13,86
2017-10-12,85.79
2017-10-11,85.69
2017-10-10,85.67
2017-10-09,85.66
2017-10-06,85.55
2017-10-05,85.67
2017-10-04,85.71
2017-10-03,85.73
2017-10-02,85.66
2017-09-29,85.61
2017-09-28,85.68
2017-09-27,85.67
2017-09-26,85.92
2017-09-25,85.95
2017-09-22,85.75
2017-09-21,85.69
2017-09-20,85.7
2017-09-19,85.78
2017-09-18,85.82
2017-09-15,85.86
2017-09-14,85.88
2017-09-13,85.83
2017-09-12,85.92
2017-09-11,86.04
2017-09-08,86.28
2017-09-07,86.38
2017-09-06,86.17
2017-09-05,86.26
2017-09-01,85.91
2017-08-31,86.1
2017-08-30,85.99
2017-08-29,86
2017-08-28,85.88
2017-08-25,85.85
2017-08-24,85.78
2017-08-23,85.89
2017-08-22,85.7
2017-08-21,85.78
2017-08-18,85.71
2017-08-17,85.77
2017-08-16,85.64
2017-08-15,85.49
2017-08-14,85.61
2017-08-11,85.65
2017-08-10,85.58
2017-08-09,85.5
2017-08-08,85.42
2017-08-07,85.5
2017-08-04,85.5
2017-08-03,85.64
2017-08-02,85.47
2017-08-01,85.53
2017-07-31,85.3
2017-07-28,85.34
2017-07-27,85.17
2017-07-26,85.29
2017-07-25,85.13
2017-07-24,85.43
2017-07-21,85.51
2017-07-20,85.36
2017-07-19,85.34
2017-07-18,85.32
2017-07-17,85.12
2017-07-14,85.08
2017-07-13,85
2017-07-12,85.09
2017-07-11,84.83
2017-07-10,84.76
2017-07-07,84.72
2017-07-06,84.75
2017-07-05,84.91
2017-07-03,84.86
2017-06-30,85.02
2017-06-29,85.13
2017-06-28,85.29
2017-06-27,85.26
2017-06-26,85.51
2017-06-23,85.44
2017-06-22,85.42
2017-06-21,85.38
2017-06-20,85.37
2017-06-19,85.23
2017-06-16,85.35
2017-06-15,85.3
2017-06-14,85.35
2017-06-13,85.08
2017-06-12,85.06
2017-06-09,85.06
2017-06-08,85.13
2017-06-07,85.21
2017-06-06,85.31
2017-06-05,85.14
2017-06-02,85.27
2017-06-01,84.99
2017-05-31,85.03
2017-05-30,84.95
2017-05-26,84.78
2017-05-25,84.82
2017-05-24,84.78
2017-05-23,84.63
2017-05-22,84.79
2017-05-19,84.85
2017-05-18,84.85
2017-05-17,84.89
2017-05-16,84.46
2017-05-15,84.35
2017-05-12,84.38
2017-05-11,84.07
2017-05-10,84.08
2017-05-09,84.06
2017-05-08,84.05
2017-05-05,84.21
2017-05-04,84.2
2017-05-03,84.27
2017-05-02,84.35
2017-05-01,84.23
2017-04-28,84.45
2017-04-27,84.3
2017-04-26,84.23
2017-04-25,84.12
2017-04-24,84.4
2017-04-21,84.52
2017-04-20,84.5
2017-04-19,84.63
2017-04-18,84.76
2017-04-17,84.42
2017-04-13,84.47
2017-04-12,84.36
2017-04-11,84.17
2017-04-10,83.93
2017-04-07,83.83
2017-04-06,84.01
2017-04-05,84.02
2017-04-04,83.93
2017-04-03,84
2017-03-31,83.69
2017-03-30,83.63
2017-03-29,83.79
2017-03-28,83.6
2017-03-27,83.79
2017-03-24,83.59
2017-03-23,83.66
2017-03-22,83.64
2017-03-21,83.52
2017-03-20,83.35
2017-03-17,83.23
2017-03-16,83.05
2017-03-15,83.14
2017-03-14,82.67
2017-03-13,82.64
2017-03-10,82.77
2017-03-09,82.65
2017-03-08,82.91
2017-03-07,83.11
2017-03-06,83.21
2017-03-03,83.25
2017-03-02,83.19
2017-03-01,83.35
2017-02-28,83.74
2017-02-27,83.76
2017-02-24,83.92
2017-02-23,83.61
2017-02-22,83.47
2017-02-21,83.42
2017-02-17,83.42
2017-02-16,83.24
2017-02-15,83.06
2017-02-14,83.19
2017-02-13,83.38
2017-02-10,83.5
2017-02-09,83.52
2017-02-08,83.72
2017-02-07,83.48
2017-02-06,83.39
2017-02-03,83.15
2017-02-02,83.13
2017-02-01,83.08
2017-01-31,83.2
2017-01-30,83
2017-01-27,83.04
2017-01-26,82.97
2017-01-25,82.92
2017-01-24,83.14
2017-01-23,83.27
2017-01-20,83.04
2017-01-19,83.01
2017-01-18,83.22
2017-01-17,83.59
2017-01-13,83.3
2017-01-12,83.45
2017-01-11,83.42
2017-01-10,83.32
2017-01-09,83.34
2017-01-06,83.2
2017-01-05,83.48
2017-01-04,83.13
2017-01-03,83.11
2016-12-30,83.02
2016-12-29,82.86
2016-12-28,82.6
2016-12-27,82.47
2016-12-23,82.53
2016-12-22,82.51
2016-12-21,82.51
2016-12-20,82.33
2016-12-19,82.41
2016-12-16,82.2
2016-12-15,82.14
2016-12-14,82.24
2016-12-13,82.69
2016-12-12,82.59
2016-12-09,82.66
2016-12-08,82.92
2016-12-07,83.07
2016-12-06,82.86
2016-12-05,82.87
2016-12-02,82.8
2016-12-01,82.54
2016-11-30,82.81
2016-11-29,83.14
2016-11-28,83.05
2016-11-25,82.76
2016-11-23,82.77
2016-11-22,83.06
2016-11-21,82.98
2016-11-18,82.91
2016-11-17,83.18
2016-11-16,83.5
2016-11-15,83.31
2016-11-14,83.25
2016-11-11,83.59
2016-11-10,83.74
2016-11-09,84.08
2016-11-08,84.87
2016-11-07,85.01
2016-11-04,85.11
2016-11-03,84.93
2016-11-02,85.05
2016-11-01,84.95
2016-10-31,84.99
2016-10-28,84.89
2016-10-27,84.89
2016-10-26,85.1
2016-10-25,85.27
2016-10-24,85.27
2016-10-21,85.4
2016-10-20,85.35
2016-10-19,85.38
2016-10-18,85.33
2016-10-17,85.19
2016-10-14,85.05
2016-10-13,85.19
2016-10-12,85.07
2016-10-11,85.04
2016-10-10,85.17
2016-10-07,85.21
2016-10-06,85.19
2016-10-05,85.19
2016-10-04,85.31
2016-10-03,85.6
2016-09-30,85.7
2016-09-29,85.79
2016-09-28,85.79
2016-09-27,85.76
2016-09-26,85.66
2016-09-23,85.55
2016-09-22,85.57
2016-09-21,85.4
2016-09-20,85.18
2016-09-19,85.15
2016-09-16,85.22
2016-09-15,85.16
2016-09-14,85.11
2016-09-13,85
2016-09-12,85.24
2016-09-09,85.17
2016-09-08,85.54
2016-09-07,85.84
2016-09-06,85.79
2016-09-02,85.61
2016-09-01,85.73
2016-08-31,85.65
2016-08-30,85.67
2016-08-29,85.71
2016-08-26,85.48
2016-08-25,85.61
2016-08-24,85.7
2016-08-23,85.73
2016-08-22,85.71
2016-08-19,85.58
2016-08-18,85.77
2016-08-17,85.65
2016-08-16,85.49
2016-08-15,85.54
2016-08-12,85.7
2016-08-11,85.49
2016-08-10,85.72
2016-08-09,85.62
2016-08-08,85.4
2016-08-05,85.35
2016-08-04,85.64
2016-08-03,85.48
2016-08-02,85.38
2016-08-01,85.64
2016-07-29,85.84
2016-07-28,85.61
2016-07-27,85.62
2016-07-26,85.36
2016-07-25,85.36
2016-07-22,85.46
2016-07-21,85.45
2016-07-20,85.37
2016-07-19,85.45
2016-07-18,85.27
2016-07-15,85.26
2016-07-14,85.57
2016-07-13,85.65
2016-07-12,85.52
2016-07-11,85.78
2016-07-08,86.01
2016-07-07,85.88
2016-07-06,85.94
2016-07-05,85.78
2016-07-01,85.55
2016-06-30,85.37
2016-06-29,85.2
2016-06-28,85.26
2016-06-27,85.15
2016-06-24,84.81
2016-06-23,84.36
2016-06-22,84.5
2016-06-21,84.45
2016-06-20,84.51
2016-06-17,84.74
2016-06-16,84.8
2016-06-15,84.75
2016-06-14,84.57
2016-06-13,84.61
2016-06-10,84.54
2016-06-09,84.42
2016-06-08,84.36
2016-06-07,84.33
2016-06-06,84.26
2016-06-03,84.37
2016-06-02,83.92
2016-06-01,83.7
2016-05-31,83.75
2016-05-27,83.7
2016-05-26,83.71
2016-05-25,83.58
2016-05-24,83.57
2016-05-23,83.61
2016-05-20,83.63
2016-05-19,83.58
2016-05-18,83.52
2016-05-17,83.87
2016-05-16,83.98
2016-05-13,84.13
2016-05-12,83.97
2016-05-11,84.05
2016-05-10,84.05
2016-05-09,84.01
2016-05-06,83.95
2016-05-05,84.08
2016-05-04,83.87
2016-05-03,83.83
2016-05-02,83.68
2016-04-29,83.74
2016-04-28,83.75
2016-04-27,83.58
2016-04-26,83.33
2016-04-25,83.37
2016-04-22,83.46
2016-04-21,83.45
2016-04-20,83.57
2016-04-19,83.77
2016-04-18,83.78
2016-04-15,83.78
2016-04-14,83.55
2016-04-13,83.69
2016-04-12,83.66
2016-04-11,83.79
2016-04-08,83.73
2016-04-07,83.81
2016-04-06,83.63
2016-04-05,83.65
2016-04-04,83.54
2016-04-01,83.45
2016-03-31,83.53
2016-03-30,83.26
2016-03-29,83.29
2016-03-28,83.04
2016-03-24,82.98
2016-03-23,82.98
2016-03-22,82.8
2016-03-21,82.85
2016-03-18,83.03
2016-03-17,82.96
2016-03-16,82.79
2016-03-15,82.43
2016-03-14,82.51
2016-03-11,82.46
2016-03-10,82.61
2016-03-09,82.58
2016-03-08,82.61
2016-03-07,82.41
2016-03-04,82.43
2016-03-03,82.56
2016-03-02,82.46
2016-03-01,82.55
2016-02-29,82.8
2016-02-26,82.7
2016-02-25,82.85
2016-02-24,82.64
2016-02-23,82.61
2016-02-22,82.6
2016-02-19,82.58
2016-02-18,82.56
2016-02-17,82.31
2016-02-16,82.36
2016-02-12,82.56
2016-02-11,82.79
2016-02-10,82.73
2016-02-09,82.53
2016-02-08,82.54
2016-02-05,82.22
2016-02-04,82.3
2016-02-03,82.22
2016-02-02,82.22
2016-02-01,81.97
2016-01-29,82.07
2016-01-28,81.83
2016-01-27,81.77
2016-01-26,81.75
2016-01-25,81.65
2016-01-22,81.69
2016-01-21,81.63
2016-01-20,81.74
2016-01-19,81.68
2016-01-15,81.76
2016-01-14,81.66
2016-01-13,81.69
2016-01-12,81.5
2016-01-11,81.32
2016-01-08,81.56
2016-01-07,81.38
2016-01-06,81.38
2016-01-05,81.08
2016-01-04,81.04
2015-12-31,81.07
2015-12-30,80.85
2015-12-29,80.87
2015-12-28,81.07
2015-12-24,81.07
2015-12-23,81.03
2015-12-22,81.04
2015-12-21,81.1
2015-12-18,81.18
2015-12-17,81.01
2015-12-16,80.89
2015-12-15,81.04
2015-12-14,81.03
2015-12-11,81.41
2015-12-10,81.21
2015-12-09,81.22
2015-12-08,81.22
2015-12-07,81.19
2015-12-04,81.07
2015-12-03,80.81
2015-12-02,81.41
2015-12-01,81.51
2015-11-30,81.22
2015-11-27,81.19
2015-11-25,81.22
2015-11-24,81.18
2015-11-23,81.1
2015-11-20,81.08
2015-11-19,81.13
2015-11-18,81.1
2015-11-17,81.16
2015-11-16,81.1
2015-11-13,81.03
2015-11-12,80.87
2015-11-11,80.8
2015-11-10,80.9
2015-11-09,80.75
2015-11-06,80.81
2015-11-05,81.19
2015-11-04,81.23
2015-11-03,81.23
2015-11-02,81.38
2015-10-30,81.54
2015-10-29,81.32
2015-10-28,81.68
2015-10-27,81.92
2015-10-26,81.8
2015-10-23,81.76
2015-10-22,81.91
2015-10-21,81.89
2015-10-20,81.7
2015-10-19,81.86
2015-10-16,81.78
2015-10-15,81.86
2015-10-14,81.97
2015-10-13,81.67
2015-10-12,81.66
2015-10-09,81.45
2015-10-08,81.52
2015-10-07,81.63
2015-10-06,81.69
2015-10-05,81.49
2015-10-02,81.79
2015-10-01,81.55
2015-09-30,81.49
2015-09-29,81.46
2015-09-28,81.33
2015-09-25,81.14
2015-09-24,81.28
2015-09-23,81.17
2015-09-22,81.24
2015-09-21,81.05
2015-09-18,81.26
2015-09-17,81.2
2015-09-16,80.69
2015-09-15,80.76
2015-09-14,81.12
2015-09-11,81.1
2015-09-10,81
2015-09-09,81.09
2015-09-08,81.06
2015-09-04,81.25
2015-09-03,81.08
2015-09-02,80.96
2015-09-01,81.07
2015-08-31,80.83
2015-08-28,80.89
2015-08-27,80.96
2015-08-26,80.85
2015-08-25,81.23
2015-08-24,81.42
2015-08-21,81.45
2015-08-20,81.31
2015-08-19,81.19
2015-08-18,80.93
2015-08-17,81.08
2015-08-14,80.94
2015-08-13,80.98
2015-08-12,81.15
2015-08-11,81.2
2015-08-10,80.93
2015-08-07,81.04
2015-08-06,80.9
2015-08-05,80.8
2015-08-04,80.95
2015-08-03,81.19
2015-07-31,81.1
2015-07-30,80.78
2015-07-29,80.78
2015-07-28,80.84
2015-07-27,80.92
2015-07-24,80.82
2015-07-23,80.83
2015-07-22,80.61
2015-07-21,80.57
2015-07-20,80.43
2015-07-17,80.58
2015-07-16,80.57
2015-07-15,80.5
2015-07-14,80.29
2015-07-13,80.15
2015-07-10,80.27
2015-07-09,80.61
2015-07-08,80.91
2015-07-07,80.72
2015-07-06,80.61
2015-07-02,80.32
2015-07-01,80.21
2015-06-30,80.41
2015-06-29,80.46
2015-06-26,79.99
2015-06-25,80.18
2015-06-24,80.27
2015-06-23,80.14
2015-06-22,80.33
2015-06-19,80.73
2015-06-18,80.47
2015-06-17,80.5
2015-06-16,80.49
2015-06-15,80.36
2015-06-12,80.26
2015-06-11,80.36
2015-06-10,79.93
2015-06-09,80.13
2015-06-08,80.36
2015-06-05,80.24
2015-06-04,80.59
2015-06-03,80.42
2015-06-02,80.74
2015-06-01,81.06
2015-05-29,81.28
2015-05-28,81.25
2015-05-27,81.28
2015-05-26,81.2
2015-05-22,81
2015-05-21,81.09
2015-05-20,80.84
2015-05-19,80.72
2015-05-18,81
2015-05-15,81.31
2015-05-14,80.97
2015-05-13,80.84
2015-05-12,80.85
2015-05-11,80.86
2015-05-08,81.37
2015-05-07,81.11
2015-05-06,80.91
2015-05-05,81.18
2015-05-04,81.25
2015-05-01,81.41
2015-04-30,81.64
2015-04-29,81.64
2015-04-28,81.82
2015-04-27,82.14
2015-04-24,82.11
2015-04-23,81.97
2015-04-22,81.85
2015-04-21,82.09
2015-04-20,82.18
2015-04-17,82.24
2015-04-16,82.17
2015-04-15,82.22
2015-04-14,82.1
2015-04-13,82.02
2015-04-10,81.93
2015-04-09,81.93
2015-04-08,82.13
2015-04-07,82.13
2015-04-06,82.11
2015-04-02,82.06
2015-04-01,82.17
2015-03-31,81.9
2015-03-30,81.77
2015-03-27,81.73
2015-03-26,81.61
2015-03-25,81.9
2015-03-24,82.06
2015-03-23,81.84
2015-03-20,81.82
2015-03-19,81.57
2015-03-18,81.86
2015-03-17,81.27
2015-03-16,81.28
2015-03-13,81.1
2015-03-12,81.26
2015-03-11,81.19
2015-03-10,81.03
2015-03-09,80.84
2015-03-06,80.63
2015-03-05,81.16
2015-03-04,81.13
2015-03-03,81.08
2015-03-02,81.18
2015-02-27,81.6
2015-02-26,81.39
2015-02-25,81.69
2015-02-24,81.63
2015-02-23,81.27
2015-02-20,81.12
2015-02-19,81.11
2015-02-18,81.17
2015-02-17,80.95
2015-02-13,81.28
2015-02-12,81.37
2015-02-11,81.36
2015-02-10,81.39
2015-02-09,81.48
2015-02-06,81.5
2015-02-05,81.97
2015-02-04,82.14
2015-02-03,82.02
2015-02-02,82.33
2015-01-30,82.34
2015-01-29,82.04
2015-01-28,82.11
2015-01-27,81.76
2015-01-26,81.81
2015-01-23,81.85
2015-01-22,81.64
2015-01-21,81.68
2015-01-20,81.83
2015-01-16,81.69
2015-01-15,82.01
2015-01-14,81.63
2015-01-13,81.43
2015-01-12,81.41
2015-01-09,81.35
2015-01-08,81.15
2015-01-07,81.27
2015-01-06,81.29
2015-01-05,81.08
2015-01-02,80.91
2014-12-31,80.68
2014-12-30,80.66
2014-12-29,80.57
2014-12-26,80.4
2014-12-24,80.37
2014-12-23,80.28
2014-12-22,80.65
2014-12-19,80.53
2014-12-18,80.39
2014-12-17,80.61
2014-12-16,80.71
2014-12-15,80.51
2014-12-12,80.73
2014-12-11,80.48
2014-12-10,80.5
2014-12-09,80.37
2014-12-08,80.24
2014-12-05,80.04
2014-12-04,80.39
2014-12-03,80.15
2014-12-02,80.22
2014-12-01,80.38
2014-11-28,80.56
2014-11-26,80.31
2014-11-25,80.25
2014-11-24,80.07
2014-11-21,80.04
2014-11-20,79.95
2014-11-19,79.8
2014-11-18,79.99
2014-11-17,79.92
2014-11-14,80.01
2014-11-13,79.94
2014-11-12,79.91
2014-11-11,79.9
2014-11-10,79.86
2014-11-07,80.05
2014-11-06,79.78
2014-11-05,79.92
2014-11-04,79.89
2014-11-03,79.88
2014-10-31,80.04
2014-10-30,80.04
2014-10-29,79.9
2014-10-28,80.08
2014-10-27,80.2
2014-10-24,80.17
2014-10-23,80.14
2014-10-22,80.33
2014-10-21,80.38
2014-10-20,80.45
2014-10-17,80.36
2014-10-16,80.46
2014-10-15,80.53
2014-10-14,80.38
2014-10-13,80.2
2014-10-10,79.97
2014-10-09,79.91
2014-10-08,80.07
2014-10-07,79.85
2014-10-06,79.54
2014-10-03,79.47
2014-10-02,79.5
2014-10-01,79.64
2014-09-30,79.19
2014-09-29,79.24
2014-09-26,79.16
2014-09-25,79.16
2014-09-24,79.01
2014-09-23,79.06
2014-09-22,78.99
2014-09-19,78.88
2014-09-18,78.75
2014-09-17,78.74
2014-09-16,78.83
2014-09-15,78.83
2014-09-12,78.84
2014-09-11,79
2014-09-10,79.08
2014-09-09,79.19
2014-09-08,79.3
2014-09-05,79.38
2014-09-04,79.42
2014-09-03,79.53
2014-09-02,79.44
2014-08-29,79.68
2014-08-28,79.71
2014-08-27,79.55
2014-08-26,79.45
2014-08-25,79.44
2014-08-22,79.38
2014-08-21,79.39
2014-08-20,79.26
2014-08-19,79.34
2014-08-18,79.45
2014-08-15,79.62
2014-08-14,79.42
2014-08-13,79.38
2014-08-12,79.22
2014-08-11,79.26
2014-08-08,79.25
2014-08-07,79.22
2014-08-06,79.07
2014-08-05,79.06
2014-08-04,79.06
2014-08-01,79.07
2014-07-31,78.78
2014-07-30,78.88
2014-07-29,79.16
2014-07-28,79.08
2014-07-25,79.07
2014-07-24,78.91
2014-07-23,79.16
2014-07-22,79.15
2014-07-21,79.02
2014-07-18,78.99
2014-07-17,79.07
2014-07-16,78.84
2014-07-15,78.78
2014-07-14,78.88
2014-07-11,78.94
2014-07-10,78.83
2014-07-09,78.8
2014-07-08,78.73
2014-07-07,78.57
2014-07-03,78.55
2014-07-02,78.6
2014-07-01,78.88
2014-06-30,78.98
2014-06-27,78.97
2014-06-26,78.97
2014-06-25,78.82
2014-06-24,78.71
2014-06-23,78.57
2014-06-20,78.64
2014-06-19,78.51
2014-06-18,78.62
2014-06-17,78.41
2014-06-16,78.56
2014-06-13,78.6
2014-06-12,78.62
2014-06-11,78.47
2014-06-10,78.41
2014-06-09,78.53
2014-06-06,78.6
2014-06-05,78.64
2014-06-04,78.54
2014-06-03,78.57
2014-06-02,78.78
2014-05-30,79.02
2014-05-29,78.95
2014-05-28,78.99
2014-05-27,78.78
2014-05-23,78.7
2014-05-22,78.62
2014-05-21,78.66
2014-05-20,78.69
2014-05-19,78.65
2014-05-16,78.68
2014-05-15,78.77
2014-05-14,78.6
2014-05-13,78.38
2014-05-12,78.25
2014-05-09,78.31
2014-05-08,78.39
2014-05-07,78.34
2014-05-06,78.34
2014-05-05,78.28
2014-05-02,78.31
2014-05-01,78.21
2014-04-30,78.1
2014-04-29,77.94
2014-04-28,77.91
2014-04-25,77.96
2014-04-24,77.94
2014-04-23,77.87
2014-04-22,77.79
2014-04-21,77.8
2014-04-17,77.81
2014-04-16,78.06
2014-04-15,78.02
2014-04-14,78.01
2014-04-11,77.98
2014-04-10,77.91
2014-04-09,77.73
2014-04-08,77.73
2014-04-07,77.63
2014-04-04,77.52
2014-04-03,77.27
2014-04-02,77.22
2014-04-01,77.34
2014-03-31,77.46
2014-03-28,77.46
2014-03-27,77.57
2014-03-26,77.51
2014-03-25,77.27
2014-03-24,77.35
2014-03-21,77.23
2014-03-20,77.13
2014-03-19,77.18
2014-03-18,77.53
2014-03-17,77.43
2014-03-14,77.48
2014-03-13,77.51
2014-03-12,77.31
2014-03-11,77.14
2014-03-10,77.15
2014-03-07,77.15
2014-03-06,77.36
2014-03-05,77.54
2014-03-04,77.49
2014-03-03,77.78
2014-02-28,77.58
2014-02-27,77.62
2014-02-26,77.54
2014-02-25,77.38
2014-02-24,77.17
2014-02-21,77.24
2014-02-20,77.17
2014-02-19,77.21
2014-02-18,77.27
2014-02-14,77.22
2014-02-13,77.22
2014-02-12,77.06
2014-02-11,77.18
2014-02-10,77.33
2014-02-07,77.26
2014-02-06,77.13
2014-02-05,77.17
2014-02-04,77.36
2014-02-03,77.55
2014-01-31,77.29
2014-01-30,77.14
2014-01-29,77.13
2014-01-28,76.9
2014-01-27,76.77
2014-01-24,76.94
2014-01-23,76.77
2014-01-22,76.57
2014-01-21,76.74
2014-01-17,76.7
2014-01-16,76.67
2014-01-15,76.49
2014-01-14,76.55
2014-01-13,76.67
2014-01-10,76.59
2014-01-09,76.21
2014-01-08,76.1
2014-01-07,76.33
2014-01-06,76.29
2014-01-03,76.19
2014-01-02,76.16
2013-12-31,76.11
2013-12-30,76.19
2013-12-27,76.11
2013-12-26,76.09
2013-12-24,76.13
2013-12-23,76.24
2013-12-20,76.27
2013-12-19,76.14
2013-12-18,76.27
2013-12-17,76.31
2013-12-16,76.18
2013-12-13,76.12
2013-12-12,76.09
2013-12-11,76.2
2013-12-10,76.32
2013-12-09,76.2
2013-12-06,76.11
2013-12-05,75.98
2013-12-04,76.14
2013-12-03,76.34
2013-12-02,76.25
2013-11-29,76.54
2013-11-27,76.51
2013-11-26,76.48
2013-11-25,76.46
2013-11-22,76.4
2013-11-21,76.29
2013-11-20,76.21
2013-11-19,76.43
2013-11-18,76.63
2013-11-15,76.48
2013-11-14,76.46
2013-11-13,76.23
2013-11-12,76.03
2013-11-11,76.06
2013-11-08,76.1
2013-11-07,76.58
2013-11-06,76.52
2013-11-05,76.4
2013-11-04,76.63
2013-11-01,76.55
2013-10-31,76.73
2013-10-30,76.73
2013-10-29,76.87
2013-10-28,76.78
2013-10-25,76.81
2013-10-24,76.78
2013-10-23,76.81
2013-10-22,76.83
2013-10-21,76.56
2013-10-18,76.63
2013-10-17,76.51
2013-10-16,76.29
2013-10-15,75.96
2013-10-14,76
2013-10-11,76.14
2013-10-10,76.11
2013-10-09,76.03
2013-10-08,76.09
2013-10-07,76.12
2013-10-04,76.14
2013-10-03,76.2
2013-10-02,76.14
2013-10-01,76.04
2013-09-30,76.1
2013-09-27,76.16
2013-09-26,76.12
2013-09-25,76.13
2013-09-24,76.03
2013-09-23,75.85
2013-09-20,75.79
2013-09-19,75.79
2013-09-18,75.89
2013-09-17,75.25
2013-09-16,75.18
2013-09-13,75.03
2013-09-12,74.92
2013-09-11,75.01
2013-09-10,74.75
2013-09-09,74.89
2013-09-06,74.74
2013-09-05,74.46
2013-09-04,74.96
2013-09-03,75.07
2013-08-30,75.26
2013-08-29,75.38
2013-08-28,75.23
2013-08-27,75.37
2013-08-26,75.17
2013-08-23,75.04
2013-08-22,74.79
2013-08-21,74.7
2013-08-20,74.97
2013-08-19,74.75
2013-08-16,74.99
2013-08-15,75.2
2013-08-14,75.47
2013-08-13,75.57
2013-08-12,75.87
2013-08-09,75.92
2013-08-08,75.87
2013-08-07,75.77
2013-08-06,75.67
2013-08-05,75.74
2013-08-02,75.71
2013-08-01,75.45
2013-07-31,75.88
2013-07-30,75.83
2013-07-29,75.85
2013-07-26,75.85
2013-07-25,75.88
2013-07-24,75.85
2013-07-23,76.1
2013-07-22,76.14
2013-07-19,76.04
2013-07-18,75.84
2013-07-17,75.98
2013-07-16,75.82
2013-07-15,75.7
2013-07-12,75.54
2013-07-11,75.62
2013-07-10,75.12
2013-07-09,75.32
2013-07-08,75.24
2013-07-05,74.85
2013-07-03,75.68
2013-07-02,75.78
2013-07-01,75.78
2013-06-28,75.68
2013-06-27,75.67
2013-06-26,75.35
2013-06-25,75.04
2013-06-24,74.95
2013-06-21,75.26
2013-06-20,75.68
2013-06-19,76.19
2013-06-18,76.7
2013-06-17,76.73
2013-06-14,76.79
2013-06-13,76.77
2013-06-12,76.39
2013-06-11,76.52
2013-06-10,76.51
2013-06-07,76.67
2013-06-06,76.91
2013-06-05,76.71
2013-06-04,76.75
2013-06-03,76.92
2013-05-31,76.88
2013-05-30,77.03
2013-05-29,77.05
2013-05-28,76.95
2013-05-24,77.43
2013-05-23,77.43
2013-05-22,77.45
2013-05-21,77.71
2013-05-20,77.65
2013-05-17,77.73
2013-05-16,77.92
2013-05-15,77.71
2013-05-14,77.59
2013-05-13,77.78
2013-05-10,77.85
2013-05-09,78
2013-05-08,78.11
2013-05-07,78.04
2013-05-06,78.08
2013-05-03,78.21
2013-05-02,78.5
2013-05-01,78.49
2013-04-30,78.45
2013-04-29,78.47
2013-04-26,78.42
2013-04-25,78.26
2013-04-24,78.29
2013-04-23,78.31
2013-04-22,78.34
2013-04-19,78.24
2013-04-18,78.23
2013-04-17,78.25
2013-04-16,78.25
2013-04-15,78.25
2013-04-12,78.21
2013-04-11,77.96
2013-04-10,77.95
2013-04-09,78.11
2013-04-08,78.08
2013-04-05,78.21
2013-04-04,77.99
2013-04-03,77.77
2013-04-02,77.69
2013-04-01,77.77
2013-03-28,77.7
2013-03-27,77.7
2013-03-26,77.54
2013-03-25,77.45
2013-03-22,77.48
2013-03-21,77.45
2013-03-20,77.43
2013-03-19,77.52
2013-03-18,77.41
2013-03-15,77.34
2013-03-14,77.27
2013-03-13,77.18
2013-03-12,77.24
2013-03-11,77.1
2013-03-08,77.06
2013-03-07,77.29
2013-03-06,77.45
2013-03-05,77.53
2013-03-04,77.59
2013-03-01,77.65
2013-02-28,77.62
2013-02-27,77.55
2013-02-26,77.53
2013-02-25,77.55
2013-02-22,77.26
2013-02-21,77.22
2013-02-20,77.18
2013-02-19,77.13
2013-02-15,77.22
2013-02-14,77.21
2013-02-13,77.07
2013-02-12,77.15
2013-02-11,77.16
2013-02-08,77.24
2013-02-07,77.22
2013-02-06,77.19
2013-02-05,77.06
2013-02-04,77.22
2013-02-01,77
2013-01-31,77.17
2013-01-30,77.1
2013-01-29,77.13
2013-01-28,77.18
2013-01-25,77.29
2013-01-24,77.48
2013-01-23,77.59
2013-01-22,77.5
2013-01-18,77.55
2013-01-17,77.45
2013-01-16,77.62
2013-01-15,77.58
2013-01-14,77.56
2013-01-11,77.49
2013-01-10,77.41
2013-01-09,77.42
2013-01-08,77.48
2013-01-07,77.41
2013-01-04,77.45
2013-01-03,77.36
2013-01-02,77.56
2012-12-31,77.65
2012-12-28,77.79
2012-12-27,77.67
2012-12-26,77.63
2012-12-24,77.52
2012-12-21,77.52
2012-12-20,77.45
2012-12-19,77.44
2012-12-18,77.31
2012-12-17,77.49
2012-12-14,77.68
2012-12-13,77.54
2012-12-12,77.66
2012-12-11,77.88
2012-12-10,77.91
2012-12-07,77.89
2012-12-06,77.96
2012-12-05,77.97
2012-12-04,77.9
2012-12-03,77.85
2012-11-30,77.84
2012-11-29,77.88
2012-11-28,77.79
2012-11-27,77.77
2012-11-26,77.67
2012-11-23,77.64
2012-11-21,77.59
2012-11-20,77.72
2012-11-19,77.87
2012-11-16,77.81
2012-11-15,77.79
2012-11-14,77.86
2012-11-13,77.84
2012-11-12,77.7
2012-11-09,77.72
2012-11-08,77.76
2012-11-07,77.67
2012-11-06,77.49
2012-11-05,77.71
2012-11-02,77.58
2012-11-01,77.53
2012-10-31,77.63
2012-10-26,77.52
2012-10-25,77.31
2012-10-24,77.48
2012-10-23,77.53
2012-10-22,77.36
2012-10-19,77.46
2012-10-18,77.37
2012-10-17,77.4
2012-10-16,77.64
2012-10-15,77.76
2012-10-12,77.72
2012-10-11,77.66
2012-10-10,77.56
2012-10-09,77.44
2012-10-08,77.52
2012-10-05,77.4
2012-10-04,77.56
2012-10-03,77.67
2012-10-02,77.7
2012-10-01,77.64
2012-09-28,77.67
2012-09-27,77.56
2012-09-26,77.61
2012-09-25,77.53
2012-09-24,77.41
2012-09-21,77.32
2012-09-20,77.2
2012-09-19,77.25
2012-09-18,77.09
2012-09-17,77.05
2012-09-14,76.92
2012-09-13,77.24
2012-09-12,77.06
2012-09-11,77.2
2012-09-10,77.29
2012-09-07,77.28
2012-09-06,77.27
2012-09-05,77.45
2012-09-04,77.45
2012-08-31,77.46
2012-08-30,77.22
2012-08-29,77.17
2012-08-28,77.25
2012-08-27,77.19
2012-08-24,77.08
2012-08-23,77.14
2012-08-22,77.08
2012-08-21,76.75
2012-08-20,76.65
2012-08-17,76.68
2012-08-16,76.59
2012-08-15,76.68
2012-08-14,76.93
2012-08-13,77.11
2012-08-10,77.12
2012-08-09,76.99
2012-08-08,77.01
2012-08-07,77.11
2012-08-06,77.32
2012-08-03,77.2
2012-08-02,77.39
2012-08-01,77.37
2012-07-31,77.46
2012-07-30,77.39
2012-07-27,77.25
2012-07-26,77.49
2012-07-25,77.54
2012-07-24,77.51
2012-07-23,77.41
2012-07-20,77.34
2012-07-19,77.23
2012-07-18,77.3
2012-07-17,77.14
2012-07-16,77.17
2012-07-13,77.11
2012-07-12,77.08
2012-07-11,76.95
2012-07-10,76.95
2012-07-09,76.92
2012-07-06,76.77
2012-07-05,76.71
2012-07-03,76.51
2012-07-02,76.57
2012-06-29,76.42
2012-06-28,76.52
2012-06-27,76.43
2012-06-26,76.4
2012-06-25,76.48
2012-06-22,76.24
2012-06-21,76.35
2012-06-20,76.25
2012-06-19,76.37
2012-06-18,76.45
2012-06-15,76.48
2012-06-14,76.3
2012-06-13,76.35
2012-06-12,76.15
2012-06-11,76.21
2012-06-08,76.15
2012-06-07,76.18
2012-06-06,76.06
2012-06-05,76.29
2012-06-04,76.45
2012-06-01,76.63
2012-05-31,76.44
2012-05-30,76.21
2012-05-29,75.96
2012-05-25,76
2012-05-24,75.88
2012-05-23,75.94
2012-05-22,75.85
2012-05-21,76.04
2012-05-18,76.05
2012-05-17,76.07
2012-05-16,76.02
2012-05-15,76.04
2012-05-14,76.08
2012-05-11,75.91
2012-05-10,75.85
2012-05-09,75.93
2012-05-08,75.91
2012-05-07,75.85
2012-05-04,75.83
2012-05-03,75.75
2012-05-02,75.67
2012-05-01,75.59
2012-04-30,75.62
2012-04-27,75.65
2012-04-26,75.65
2012-04-25,75.54
2012-04-24,75.5
2012-04-23,75.61
2012-04-20,75.54
2012-04-19,75.52
2012-04-18,75.58
2012-04-17,75.48
2012-04-16,75.47
2012-04-13,75.46
2012-04-12,75.22
2012-04-11,75.3
2012-04-10,75.29
2012-04-09,75.28
2012-04-05,74.96
2012-04-04,74.79
2012-04-03,74.63
2012-04-02,74.95
2012-03-30,74.94
2012-03-29,75.06
2012-03-28,74.85
2012-03-27,74.87
2012-03-26,74.78
2012-03-23,74.84
2012-03-22,74.67
2012-03-21,74.6
2012-03-20,74.42
2012-03-19,74.31
2012-03-16,74.55
2012-03-15,74.55
2012-03-14,74.58
2012-03-13,74.99
2012-03-12,75.24
2012-03-09,75.17
2012-03-08,75.19
2012-03-07,75.36
2012-03-06,75.43
2012-03-05,75.28
2012-03-02,75.38
2012-03-01,75.22
2012-02-29,75.37
2012-02-28,75.45
2012-02-27,75.5
2012-02-24,75.26
2012-02-23,75.24
2012-02-22,75.18
2012-02-21,74.97
2012-02-17,75.09
2012-02-16,75.18
2012-02-15,75.2
2012-02-14,75.22
2012-02-13,75.16
2012-02-10,75.13
2012-02-09,75.03
2012-02-08,75.15
2012-02-07,75.22
2012-02-06,75.29
2012-02-03,75.24
2012-02-02,75.27
2012-02-01,75.25
2012-01-31,75.38
2012-01-30,75.25
2012-01-27,75.04
2012-01-26,74.91
2012-01-25,74.77
2012-01-24,74.66
2012-01-23,74.6
2012-01-20,74.66
2012-01-19,74.85
2012-01-18,74.97
2012-01-17,75.06
2012-01-13,75.04
2012-01-12,74.87
2012-01-11,74.93
2012-01-10,74.67
2012-01-09,74.69
2012-01-06,74.75
2012-01-05,74.69
2012-01-04,74.59
2012-01-03,74.69
2011-12-30,74.84
2011-12-29,74.93
2011-12-28,74.76
2011-12-27,74.63
2011-12-23,74.5
2011-12-22,74.58
2011-12-21,74.47
2011-12-20,74.66
2011-12-19,74.76
2011-12-16,74.69
2011-12-15,74.43
2011-12-14,74.59
2011-12-13,74.41
2011-12-12,74.26
2011-12-09,74.24
2011-12-08,74.28
2011-12-07,74.2
2011-12-06,74.07
2011-12-05,74.14
2011-12-02,74.05
2011-12-01,73.86
2011-11-30,73.84
2011-11-29,74.03
2011-11-28,74
2011-11-25,74.01
2011-11-23,74.11
2011-11-22,74.04
2011-11-21,73.99
2011-11-18,74
2011-11-17,74.01
2011-11-16,74.05
2011-11-15,74.08
2011-11-14,74.18
2011-11-11,74.11
2011-11-10,74.2
2011-11-09,74.34
2011-11-08,74.22
2011-11-07,74.32
2011-11-04,74.26
2011-11-03,74.28
2011-11-02,74.44
2011-11-01,74.44
2011-10-31,74.08
2011-10-28,73.73
2011-10-27,73.44
2011-10-26,73.73
2011-10-25,73.93
2011-10-24,73.55
2011-10-21,73.67
2011-10-20,73.63
2011-10-19,73.67
2011-10-18,73.56
2011-10-17,73.64
2011-10-14,73.35
2011-10-13,73.47
2011-10-12,73.43
2011-10-11,73.57
2011-10-10,73.4
2011-10-07,73.54
2011-10-06,73.69
2011-10-05,73.81
2011-10-04,74.06
2011-10-03,74.29
2011-09-30,73.99
2011-09-29,73.71
2011-09-28,73.74
2011-09-27,73.8
2011-09-26,73.9
2011-09-23,74.07
2011-09-22,74.45
2011-09-21,74.24
2011-09-20,74.12
2011-09-19,73.97
2011-09-16,73.81
2011-09-15,73.7
2011-09-14,73.92
2011-09-13,73.9
2011-09-12,73.88
2011-09-09,74.02
2011-09-08,73.92
2011-09-07,73.9
2011-09-06,74.08
2011-09-02,73.88
2011-09-01,73.66
2011-08-31,73.42
2011-08-30,73.49
2011-08-29,73.26
2011-08-26,73.34
2011-08-25,73.24
2011-08-24,73.1
2011-08-23,73.51
2011-08-22,73.69
2011-08-19,73.78
2011-08-18,73.75
2011-08-17,73.64
2011-08-16,73.52
2011-08-15,73.36
2011-08-12,73.25
2011-08-11,72.93
2011-08-10,73.85
2011-08-09,73.25
2011-08-08,72.82
2011-08-05,72.79
2011-08-04,73.27
2011-08-03,72.88
2011-08-02,72.81
2011-08-01,72.5
2011-07-29,72.32
2011-07-28,71.9
2011-07-27,71.76
2011-07-26,71.88
2011-07-25,71.71
2011-07-22,71.92
2011-07-21,71.76
2011-07-20,71.88
2011-07-19,71.99
2011-07-18,71.84
2011-07-15,71.94
2011-07-14,71.84
2011-07-13,72.02
2011-07-12,71.88
2011-07-11,71.82
2011-07-08,71.63
2011-07-07,71.26
2011-07-06,71.46
2011-07-05,71.42
2011-07-01,71.15
2011-06-30,71.12
2011-06-29,71.14
2011-06-28,71.35
2011-06-27,71.64
2011-06-24,71.76
2011-06-23,71.83
2011-06-22,71.6
2011-06-21,71.64
2011-06-20,71.58
2011-06-17,71.67
2011-06-16,71.6
2011-06-15,71.56
2011-06-14,71.38
2011-06-13,71.57
2011-06-10,71.66
2011-06-09,71.67
2011-06-08,71.78
2011-06-07,71.72
2011-06-06,71.57
2011-06-03,71.56
2011-06-02,71.46
2011-06-01,71.75
2011-05-31,71.44
2011-05-27,71.42
2011-05-26,71.36
2011-05-25,71.2
2011-05-24,71.22
2011-05-23,71.19
2011-05-20,71.13
2011-05-19,71.06
2011-05-18,71.12
2011-05-17,71.23
2011-05-16,71.15
2011-05-13,71
2011-05-12,70.88
2011-05-11,70.99
2011-05-10,70.86
2011-05-09,70.99
2011-05-06,70.91
2011-05-05,70.92
2011-05-04,70.76
2011-05-03,70.62
2011-05-02,70.6
2011-04-29,70.57
2011-04-28,70.51
2011-04-27,70.34
2011-04-26,70.4
2011-04-25,70.14
2011-04-21,70.1
2011-04-20,70.06
2011-04-19,70.16
2011-04-18,70.02
2011-04-15,69.9
2011-04-14,69.65
2011-04-13,69.71
2011-04-12,69.64
2011-04-11,69.37
2011-04-08,69.31
2011-04-07,69.44
2011-04-06,69.33
2011-04-05,69.54
2011-04-04,69.69
2011-04-01,69.57
2011-03-31,69.48
2011-03-30,69.56
2011-03-29,69.44
2011-03-28,69.52
2011-03-25,69.56
2011-03-24,69.62
2011-03-23,69.81
2011-03-22,69.84
2011-03-21,69.84
2011-03-18,70
2011-03-17,70.03
2011-03-16,70.07
2011-03-15,69.88
2011-03-14,69.85
2011-03-11,69.81
2011-03-10,69.8
2011-03-09,69.55
2011-03-08,69.39
2011-03-07,69.44
2011-03-04,69.41
2011-03-03,69.22
2011-03-02,69.47
2011-03-01,69.58
2011-02-28,69.63
2011-02-25,69.5
2011-02-24,69.32
2011-02-23,69.3
2011-02-22,69.25
2011-02-18,69
2011-02-17,69.03
2011-02-16,68.86
2011-02-15,68.86
2011-02-14,68.78
2011-02-11,68.74
2011-02-10,68.47
2011-02-09,68.67
2011-02-08,68.55
2011-02-07,68.74
2011-02-04,68.72
2011-02-03,68.95
2011-02-02,69.21
2011-02-01,69.28
2011-01-31,69.43
2011-01-28,69.56
2011-01-27,69.47
2011-01-26,69.35
2011-01-25,69.58
2011-01-24,69.36
2011-01-21,69.4
2011-01-20,69.18
2011-01-19,69.45
2011-01-18,69.43
2011-01-14,69.48
2011-01-13,69.62
2011-01-12,69.37
2011-01-11,69.38
2011-01-10,69.52
2011-01-07,69.33
2011-01-06,69.11
2011-01-05,69.1
2011-01-04,69.43
2011-01-03,69.41
2010-12-31,69.49
2010-12-30,69.21
2010-12-29,69.26
2010-12-28,68.78
2010-12-27,69.18
2010-12-23,68.98
2010-12-22,69.11
2010-12-21,69.19
2010-12-20,69.06
2010-12-17,69.02
2010-12-16,68.64
2010-12-15,68.51
2010-12-14,68.63
2010-12-13,69.02
2010-12-10,68.97
2010-12-09,69.1
2010-12-08,68.98
2010-12-07,69.31
2010-12-06,69.85
2010-12-03,69.6
2010-12-02,69.46
2010-12-01,69.6
2010-11-30,69.96
2010-11-29,70.01
2010-11-26,69.96
2010-11-24,69.82
2010-11-23,70.16
2010-11-22,70.09
2010-11-19,69.92
2010-11-18,69.84
2010-11-17,69.86
2010-11-16,69.84
2010-11-15,69.67
2010-11-12,70.06
2010-11-11,70.34
2010-11-10,70.34
2010-11-09,70.4
2010-11-08,70.75
2010-11-05,70.78
2010-11-04,70.97
2010-11-03,70.64
2010-11-02,70.65
2010-11-01,70.52
2010-10-29,70.55
2010-10-28,70.4
2010-10-27,70.23
2010-10-26,70.36
2010-10-25,70.53
2010-10-22,70.52
2010-10-21,70.49
2010-10-20,70.6
2010-10-19,70.51
2010-10-18,70.46
2010-10-15,70.21
2010-10-14,70.35
2010-10-13,70.61
2010-10-12,70.62
2010-10-11,70.69
2010-10-08,70.73
2010-10-07,70.59
2010-10-06,70.55
2010-10-05,70.48
2010-10-04,70.48
2010-10-01,70.36
2010-09-30,70.45
2010-09-29,70.47
2010-09-28,70.52
2010-09-27,70.35
2010-09-24,70.12
2010-09-23,70.37
2010-09-22,70.3
2010-09-21,70.28
2010-09-20,69.98
2010-09-17,69.95
2010-09-16,69.86
2010-09-15,69.98
2010-09-14,70.11
2010-09-13,69.86
2010-09-10,69.7
2010-09-09,69.85
2010-09-08,70.19
2010-09-07,70.24
2010-09-03,70.04
2010-09-02,70.2
2010-09-01,70.29
2010-08-31,70.44
2010-08-30,70.39
2010-08-27,69.92
2010-08-26,70.3
2010-08-25,70.21
2010-08-24,70.38
2010-08-23,70.1
2010-08-20,70.03
2010-08-19,70.12
2010-08-18,69.9
2010-08-17,69.97
2010-08-16,70.06
2010-08-13,69.83
2010-08-12,69.66
2010-08-11,69.77
2010-08-10,69.71
2010-08-09,69.59
2010-08-06,69.59
2010-08-05,69.46
2010-08-04,69.37
2010-08-03,69.5
2010-08-02,69.45
2010-07-30,69.55
2010-07-29,69.43
2010-07-28,69.37
2010-07-27,69.24
2010-07-26,69.26
2010-07-23,69.27
2010-07-22,69.4
2010-07-21,69.46
2010-07-20,69.16
2010-07-19,69.21
2010-07-16,69.27
2010-07-15,69.06
2010-07-14,68.97
2010-07-13,68.73
2010-07-12,68.91
2010-07-09,68.83
2010-07-08,68.93
2010-07-07,68.95
2010-07-06,69.04
2010-07-02,68.82
2010-07-01,68.92
2010-06-30,68.96
2010-06-29,68.95
2010-06-28,68.74
2010-06-25,68.62
2010-06-24,68.52
2010-06-23,68.58
2010-06-22,68.4
2010-06-21,68.33
2010-06-18,68.18
2010-06-17,68.29
2010-06-16,68.13
2010-06-15,68.03
2010-06-14,68.03
2010-06-11,67.93
2010-06-10,67.9
2010-06-09,68.1
2010-06-08,68.06
2010-06-07,68.14
2010-06-04,67.94
2010-06-03,67.77
2010-06-02,67.8
2010-06-01,67.87
2010-05-28,67.76
2010-05-27,67.69
2010-05-26,67.85
2010-05-25,67.92
2010-05-24,67.84
2010-05-21,67.88
2010-05-20,67.59
2010-05-19,67.65
2010-05-18,67.62
2010-05-17,67.39
2010-05-14,67.44
2010-05-13,67.19
2010-05-12,67.1
2010-05-11,67.17
2010-05-10,66.92
2010-05-07,66.92
2010-05-06,67.22
2010-05-05,67.12
2010-05-04,67.17
2010-05-03,66.91
2010-04-30,67.03
2010-04-29,66.74
2010-04-28,66.72
2010-04-27,66.82
2010-04-26,66.61
2010-04-23,66.62
2010-04-22,66.7
2010-04-21,66.83
2010-04-20,66.72
2010-04-19,66.61
2010-04-16,66.73
2010-04-15,66.63
2010-04-14,66.51
2010-04-13,66.58
2010-04-12,66.48
2010-04-09,66.32
2010-04-08,66.25
2010-04-07,66.32
2010-04-06,66.04
2010-04-05,65.95
2010-04-01,66.36
2010-03-31,66.39
2010-03-30,66.35
2010-03-29,66.32
2010-03-26,66.4
2010-03-25,66.29
2010-03-24,66.46
2010-03-23,66.8
2010-03-22,66.79
2010-03-19,66.74
2010-03-18,66.79
2010-03-17,66.84
2010-03-16,66.79
2010-03-15,66.67
2010-03-12,66.59
2010-03-11,66.58
2010-03-10,66.58
2010-03-09,66.63
2010-03-08,66.55
2010-03-05,66.51
2010-03-04,66.63
2010-03-03,66.51
2010-03-02,66.51
2010-03-01,66.49
2010-02-26,66.39
2010-02-25,66.38
2010-02-24,66.24
2010-02-23,66.17
2010-02-22,65.94
2010-02-19,66.05
2010-02-18,66
2010-02-17,66.03
2010-02-16,66.23
2010-02-12,66.07
2010-02-11,66.05
2010-02-10,66.16
2010-02-09,66.31
2010-02-08,66.44
2010-02-05,66.31
2010-02-04,66.28
2010-02-03,66.12
2010-02-02,66.24
2010-02-01,66.17
2010-01-29,66.26
2010-01-28,66.11
2010-01-27,66.16
2010-01-26,66.21
2010-01-25,66.13
2010-01-22,66.14
2010-01-21,66.1
2010-01-20,66.08
2010-01-19,65.91
2010-01-15,66.02
2010-01-14,65.89
2010-01-13,65.72
2010-01-12,66
2010-01-11,65.58
2010-01-08,65.63
2010-01-07,65.59
2010-01-06,65.67
2010-01-05,65.71
2010-01-04,65.41
2009-12-31,65.33
2009-12-30,65.42
2009-12-29,65.25
2009-12-28,65.18
2009-12-24,65.57
2009-12-23,65.69
2009-12-22,65.66
2009-12-21,65.85
2009-12-18,66.13
2009-12-17,66.13
2009-12-16,66.02
2009-12-15,65.9
2009-12-14,66.08
2009-12-11,66.05
2009-12-10,66.2
2009-12-09,66.25
2009-12-08,66.32
2009-12-07,66.24
2009-12-04,66.17
2009-12-03,66.31
2009-12-02,66.3
2009-12-01,66.43
2009-11-30,66.59
2009-11-27,66.47
2009-11-25,66.42
2009-11-24,66.35
2009-11-23,66.16
2009-11-20,66.17
2009-11-19,66.15
2009-11-18,66.08
2009-11-17,66.22
2009-11-16,66.16
2009-11-13,66
2009-11-12,65.93
2009-11-11,65.8
2009-11-10,65.78
2009-11-09,65.76
2009-11-06,65.67
2009-11-05,65.61
2009-11-04,65.44
2009-11-03,65.55
2009-11-02,65.64
2009-10-30,65.74
2009-10-29,65.49
2009-10-28,65.62
2009-10-27,65.53
2009-10-26,65.27
2009-10-23,65.45
2009-10-22,65.53
2009-10-21,65.63
2009-10-20,65.67
2009-10-19,65.52
2009-10-16,65.38
2009-10-15,65.39
2009-10-14,65.49
2009-10-13,65.65
2009-10-12,65.48
2009-10-09,65.33
2009-10-08,65.79
2009-10-07,65.84
2009-10-06,65.57
2009-10-05,65.67
2009-10-02,65.62
2009-10-01,65.75
2009-09-30,65.6
2009-09-29,65.48
2009-09-28,65.51
2009-09-25,65.51
2009-09-24,65.32
2009-09-23,65.24
2009-09-22,65.08
2009-09-21,65.12
2009-09-18,65.17
2009-09-17,65.33
2009-09-16,65.03
2009-09-15,64.98
2009-09-14,65.08
2009-09-11,65.17
2009-09-10,65.18
2009-09-09,64.85
2009-09-08,64.72
2009-09-04,64.81
2009-09-03,64.94
2009-09-02,65.06
2009-09-01,64.71
2009-08-31,64.83
2009-08-28,64.56
2009-08-27,64.6
2009-08-26,64.65
2009-08-25,64.56
2009-08-24,64.45
2009-08-21,64.19
2009-08-20,64.56
2009-08-19,64.46
2009-08-18,64.33
2009-08-17,64.54
2009-08-14,64.27
2009-08-13,64.16
2009-08-12,64
2009-08-11,64.03
2009-08-10,63.8
2009-08-07,63.31
2009-08-06,63.69
2009-08-05,63.66
2009-08-04,63.72
2009-08-03,63.91
2009-07-31,64.04
2009-07-30,63.72
2009-07-29,63.64
2009-07-28,63.53
2009-07-27,63.41
2009-07-24,63.6
2009-07-23,63.6
2009-07-22,63.76
2009-07-21,63.98
2009-07-20,63.54
2009-07-17,63.47
2009-07-16,63.47
2009-07-15,63.27
2009-07-14,63.68
2009-07-13,63.88
2009-07-10,63.91
2009-07-09,63.69
2009-07-08,63.87
2009-07-07,63.52
2009-07-06,63.32
2009-07-02,63.37
2009-07-01,63.22
2009-06-30,63.24
2009-06-29,63.23
2009-06-26,63.29
2009-06-25,63.1
2009-06-24,62.81
2009-06-23,62.98
2009-06-22,62.77
2009-06-19,62.68
2009-06-18,62.45
2009-06-17,62.86
2009-06-16,62.73
2009-06-15,62.65
2009-06-12,62.41
2009-06-11,62.11
2009-06-10,61.89
2009-06-09,62.07
2009-06-08,61.79
2009-06-05,61.95
2009-06-04,62.28
2009-06-03,62.8
2009-06-02,62.62
2009-06-01,62.2
2009-05-29,62.98
2009-05-28,62.31
2009-05-27,62.29
2009-05-26,62.63
2009-05-22,62.77
2009-05-21,62.94
2009-05-20,63.14
2009-05-19,62.95
2009-05-18,62.89
2009-05-15,63.08
2009-05-14,62.93
2009-05-13,62.9
2009-05-12,62.84
2009-05-11,62.5
2009-05-08,62.45
2009-05-07,62.33
2009-05-06,62.61
2009-05-05,62.47
2009-05-04,62.34
2009-05-01,62.29
2009-04-30,62.53
2009-04-29,62.23
2009-04-28,62.49
2009-04-27,62.51
2009-04-24,62.41
2009-04-23,62.34
2009-04-22,62.26
2009-04-21,62.1
2009-04-20,62.29
2009-04-17,61.94
2009-04-16,62.28
2009-04-15,62.39
2009-04-14,62.22
2009-04-13,62.23
2009-04-09,61.78
2009-04-08,61.87
2009-04-07,61.67
2009-04-06,61.77
2009-04-03,61.78
2009-04-02,61.99
2009-04-01,62.18
2009-03-31,62.21
2009-03-30,61.89
2009-03-27,61.61
2009-03-26,61.56
2009-03-25,61.43
2009-03-24,61.7
2009-03-23,62.13
2009-03-20,62.13
2009-03-19,62.48
2009-03-18,62.32
2009-03-17,61.35
2009-03-16,61.53
2009-03-13,61.72
2009-03-12,61.66
2009-03-11,61.61
2009-03-10,61.46
2009-03-09,61.32
2009-03-06,61.74
2009-03-05,61.57
2009-03-04,61.37
2009-03-03,61.66
2009-03-02,61.74
2009-02-27,61.53
2009-02-26,61.53
2009-02-25,61.85
2009-02-24,61.91
2009-02-23,62.03
2009-02-20,61.71
2009-02-19,62.03
2009-02-18,62.13
2009-02-17,62.25
2009-02-13,62.21
2009-02-12,62.4
2009-02-11,62.07
2009-02-10,62.08
2009-02-09,61.7
2009-02-06,61.69
2009-02-05,61.53
2009-02-04,61.72
2009-02-03,61.81
2009-02-02,62.08
2009-01-30,62.19
2009-01-29,61.8
2009-01-28,62.35
2009-01-27,62.32
2009-01-26,62
2009-01-23,62.06
2009-01-22,62.16
2009-01-21,62.43
2009-01-20,62.76
2009-01-16,63.09
2009-01-15,62.76
2009-01-14,62.77
2009-01-13,62.85
2009-01-12,62.75
2009-01-09,62.42
2009-01-08,62.63
2009-01-07,63.12
2009-01-06,63.7
2009-01-05,64.06
2009-01-02,63.05
2008-12-31,63.45
2008-12-30,63.41
2008-12-29,63.38
2008-12-26,62.9
2008-12-24,63.11
2008-12-23,62.81
2008-12-22,62.21
2008-12-19,61.87
2008-12-18,62.07
2008-12-17,61.69
2008-12-16,61.36
2008-12-15,61.12
2008-12-12,60.97
2008-12-11,60.95
2008-12-10,60.64
2008-12-09,60.75
2008-12-08,60.18
2008-12-05,60.26
2008-12-04,60.59
2008-12-03,60.39
2008-12-02,60.39
2008-12-01,60.33
2008-11-28,59.49
2008-11-26,59.6
2008-11-25,59.83
2008-11-24,58.38
2008-11-21,58.38
2008-11-20,58.85
2008-11-19,58.84
2008-11-18,58.67
2008-11-17,58.76
2008-11-14,58.6
2008-11-13,58.42
2008-11-12,58.22
2008-11-11,58.73
2008-11-10,58.29
2008-11-07,58.67
2008-11-06,58.37
2008-11-05,58.61
2008-11-04,57.74
2008-11-03,56.82
2008-10-31,57.74
2008-10-30,57.92
2008-10-29,57.99
2008-10-28,56.91
2008-10-27,56.71
2008-10-24,57.28
2008-10-23,57.77
2008-10-22,58.81
2008-10-21,58.13
2008-10-20,57.63
2008-10-17,56.62
2008-10-16,56.41
2008-10-15,57.31
2008-10-14,56.41
2008-10-13,55.25
2008-10-10,53.19
2008-10-09,57.1
2008-10-08,56.96
2008-10-07,58.13
2008-10-06,59.36
2008-10-03,59.34
2008-10-02,58.9
2008-10-01,58.67
2008-09-30,59.09
2008-09-29,58.89
2008-09-26,59.16
2008-09-25,59.46
2008-09-24,59.57
2008-09-23,59.5
2008-09-22,59.59
2008-09-19,60.53
2008-09-18,60.26
2008-09-17,60.43
2008-09-16,60.28
2008-09-15,60.9
2008-09-12,60.66
2008-09-11,60.9
2008-09-10,60.98
2008-09-09,61.02
2008-09-08,60.76
2008-09-05,60.38
2008-09-04,60.56
2008-09-03,60.34
2008-09-02,60.35
2008-08-29,60.15
2008-08-28,60.17
2008-08-27,60.11
2008-08-26,60.04
2008-08-25,60.11
2008-08-22,59.93
2008-08-21,59.99
2008-08-20,59.98
2008-08-19,59.88
2008-08-18,59.93
2008-08-15,59.83
2008-08-14,59.66
2008-08-13,59.51
2008-08-12,59.62
2008-08-11,59.37
2008-08-08,59.51
2008-08-07,59.6
2008-08-06,59.29
2008-08-05,59.36
2008-08-04,59.46
2008-08-01,59.63
2008-07-31,59.7
2008-07-30,59.4
2008-07-29,59.34
2008-07-28,59.41
2008-07-25,59.14
2008-07-24,59.44
2008-07-23,59.03
2008-07-22,58.96
2008-07-21,59.16
2008-07-18,58.85
2008-07-17,59.2
2008-07-16,59.46
2008-07-15,59.92
2008-07-14,59.69
2008-07-11,59.6
2008-07-10,59.94
2008-07-09,59.88
2008-07-08,59.65
2008-07-07,59.42
2008-07-03,59.21
2008-07-02,59.19
2008-07-01,59.26
2008-06-30,59.47
2008-06-27,59.44
2008-06-26,59.3
2008-06-25,59.22
2008-06-24,59.19
2008-06-23,59.07
2008-06-20,59.15
2008-06-19,58.97
2008-06-18,59.27
2008-06-17,59.03
2008-06-16,58.82
2008-06-13,58.76
2008-06-12,58.91
2008-06-11,59.27
2008-06-10,59.2
2008-06-09,59.51
2008-06-06,59.81
2008-06-05,59.48
2008-06-04,59.7
2008-06-03,59.91
2008-06-02,59.8
2008-05-30,59.58
2008-05-29,59.37
2008-05-28,59.53
2008-05-27,59.81
2008-05-23,60.15
2008-05-22,59.92
2008-05-21,60.28
2008-05-20,60.36
2008-05-19,60.23
2008-05-16,60.13
2008-05-15,60.28
2008-05-14,59.96
2008-05-13,59.87
2008-05-12,60.21
2008-05-09,60.32
2008-05-08,60.29
2008-05-07,60.14
2008-05-06,59.97
2008-05-05,60.16
2008-05-02,60.14
2008-05-01,60.24
2008-04-30,60.34
2008-04-29,59.98
2008-04-28,59.89
2008-04-25,59.74
2008-04-24,59.8
2008-04-23,60.03
2008-04-22,60.09
2008-04-21,60
2008-04-18,59.99
2008-04-17,59.83
2008-04-16,59.84
2008-04-15,60.06
2008-04-14,60.38
2008-04-11,60.46
2008-04-10,60.33
2008-04-09,60.51
2008-04-08,60.25
2008-04-07,60.26
2008-04-04,60.26
2008-04-03,59.96
2008-04-02,59.77
2008-04-01,59.74
2008-03-31,60.15
2008-03-28,60.24
2008-03-27,60.09
2008-03-26,60.07
2008-03-25,60.25
2008-03-24,60.14
2008-03-20,60.58
2008-03-19,60.37
2008-03-18,60.19
2008-03-17,60.33
2008-03-14,60.07
2008-03-13,59.82
2008-03-12,60.08
2008-03-11,59.47
2008-03-10,59.83
2008-03-07,59.51
2008-03-06,59.33
2008-03-05,59.42
2008-03-04,59.8
2008-03-03,60.06
2008-02-29,60.07
2008-02-28,59.84
2008-02-27,59.49
2008-02-26,59.36
2008-02-25,59.08
2008-02-22,59.29
2008-02-21,59.6
2008-02-20,59.12
2008-02-19,59.21
2008-02-15,59.5
2008-02-14,59.53
2008-02-13,59.71
2008-02-12,60.07
2008-02-11,60.09
2008-02-08,59.96
2008-02-07,59.68
2008-02-06,60.21
2008-02-05,60.26
2008-02-04,60.07
2008-02-01,60.1
2008-01-31,60.17
2008-01-30,59.9
2008-01-29,59.81
2008-01-28,60
2008-01-25,59.88
2008-01-24,59.78
2008-01-23,59.93
2008-01-22,60.11
2008-01-18,60.01
2008-01-17,60.03
2008-01-16,59.67
2008-01-15,59.85
2008-01-14,59.63
2008-01-11,59.58
2008-01-10,59.33
2008-01-09,59.45
2008-01-08,59.59
2008-01-07,59.44
2008-01-04,59.36
2008-01-03,59.24
2008-01-02,59.08
2007-12-31,58.81
2007-12-28,58.79
2007-12-27,58.47
2007-12-26,58.15
2007-12-24,58.33
2007-12-21,58.32
2007-12-20,58.57
2007-12-19,58.62
2007-12-18,58.5
2007-12-17,58.2
2007-12-14,58.11
2007-12-13,58.27
2007-12-12,58.5
2007-12-11,58.55
2007-12-10,58.27
2007-12-07,58.39
2007-12-06,58.72
2007-12-05,58.79
2007-12-04,58.9
2007-12-03,59.12
2007-11-30,58.81
2007-11-29,58.69
2007-11-28,58.52
2007-11-27,58.67
2007-11-26,58.91
2007-11-23,58.38
2007-11-21,58.68
2007-11-20,58.23
2007-11-19,58.36
2007-11-16,58.23
2007-11-15,58.27
2007-11-14,58.02
2007-11-13,58.04
2007-11-12,58.04
2007-11-09,58.12
2007-11-08,57.92
2007-11-07,57.86
2007-11-06,57.85
2007-11-05,57.92
2007-11-02,57.97
2007-11-01,57.91
2007-10-31,57.77
2007-10-30,57.93
2007-10-29,57.85
2007-10-26,57.85
2007-10-25,57.91
2007-10-24,58.06
2007-10-23,57.8
2007-10-22,57.82
2007-10-19,57.84
2007-10-18,57.57
2007-10-17,57.41
2007-10-16,57.21
2007-10-15,57.12
2007-10-12,57.1
2007-10-11,57.21
2007-10-10,57.17
2007-10-09,57.1
2007-10-08,57.22
2007-10-05,56.77
2007-10-04,57.22
2007-10-03,57.25
2007-10-02,57.22
2007-10-01,57
2007-09-28,57.19
2007-09-27,57.11
2007-09-26,57.01
2007-09-25,57.07
2007-09-24,57.02
2007-09-21,57.01
2007-09-20,56.85
2007-09-19,57.26
2007-09-18,57.27
2007-09-17,57.15
2007-09-14,57.12
2007-09-13,57.08
2007-09-12,57.25
2007-09-11,57.33
2007-09-10,57.43
2007-09-07,57.3
2007-09-06,56.94
2007-09-05,56.95
2007-09-04,56.77
2007-08-31,56.83
2007-08-30,56.8
2007-08-29,56.68
2007-08-28,56.79
2007-08-27,56.56
2007-08-24,56.39
2007-08-23,56.54
2007-08-22,56.47
2007-08-21,56.51
2007-08-20,56.25
2007-08-17,56.3
2007-08-16,56.18
2007-08-15,56.21
2007-08-14,56.14
2007-08-13,55.98
2007-08-10,55.88
2007-08-09,56.07
2007-08-08,56
2007-08-07,56.07
2007-08-06,56.11
2007-08-03,56.2
2007-08-02,55.96
2007-08-01,55.98
2007-07-31,56.11
2007-07-30,55.94
2007-07-27,55.97
2007-07-26,56.02
2007-07-25,55.83
2007-07-24,55.86
2007-07-23,55.75
2007-07-20,55.78
2007-07-19,55.65
2007-07-18,55.65
2007-07-17,55.51
2007-07-16,55.61
2007-07-13,55.5
2007-07-12,55.43
2007-07-11,55.49
2007-07-10,55.61
2007-07-09,55.37
2007-07-06,55.28
2007-07-05,55.37
2007-07-03,55.6
2007-07-02,55.67
2007-06-29,55.52
2007-06-28,55.41
2007-06-27,55.45
2007-06-26,55.34
2007-06-25,55.41
2007-06-22,55.36
2007-06-21,55.23
2007-06-20,55.3
2007-06-19,55.47
2007-06-18,55.29
2007-06-15,55.25
2007-06-14,55.06
2007-06-13,54.95
2007-06-12,54.86
2007-06-11,55.19
2007-06-08,55.15
2007-06-07,55.22
2007-06-06,55.6
2007-06-05,55.58
2007-06-04,55.74
2007-06-01,55.67
2007-05-31,55.73
2007-05-30,55.85
2007-05-29,55.78
2007-05-25,55.84
2007-05-24,55.87
2007-05-23,55.85
2007-05-22,55.89
2007-05-21,56
2007-05-18,55.89
2007-05-17,56.05
2007-05-16,56.15
2007-05-15,56.14
2007-05-14,56.16
2007-05-11,56.15
2007-05-10,56.26
2007-05-09,56.17
2007-05-08,56.23
2007-05-07,56.3
2007-05-04,56.24
2007-05-03,56.17
2007-05-02,56.23
2007-05-01,56.21
2007-04-30,56.24
2007-04-27,56.05
2007-04-26,56.07
2007-04-25,56.17
2007-04-24,56.15
2007-04-23,56.12
2007-04-20,56.07
2007-04-19,56.09
2007-04-18,56.12
2007-04-17,56.03
2007-04-16,55.87
2007-04-13,55.76
2007-04-12,55.85
2007-04-11,55.78
2007-04-10,55.81
2007-04-09,55.73
2007-04-05,55.94
2007-04-04,55.99
2007-04-03,55.93
2007-04-02,55.99
2007-03-30,55.91
2007-03-29,55.91
2007-03-28,56
2007-03-27,55.98
2007-03-26,55.97
2007-03-23,56
2007-03-22,56.08
2007-03-21,56.18
2007-03-20,56.11
2007-03-19,56.05
2007-03-16,56.09
2007-03-15,56.09
2007-03-14,56.15
2007-03-13,56.22
2007-03-12,56.07
2007-03-09,55.9
2007-03-08,56.05
2007-03-07,56.1
2007-03-06,56.06
2007-03-05,56.1
2007-03-02,56.13
2007-03-01,56.02
2007-02-28,56.02
2007-02-27,56.06
2007-02-26,55.84
2007-02-23,55.71
2007-02-22,55.58
2007-02-21,55.69
2007-02-20,55.7
2007-02-16,55.67
2007-02-15,55.63
2007-02-14,55.55
2007-02-13,55.34
2007-02-12,55.35
2007-02-09,55.4
2007-02-08,55.53
2007-02-07,55.5
2007-02-06,55.43
2007-02-05,55.32
2007-02-02,55.24
2007-02-01,55.16
2007-01-31,55.13
2007-01-30,55.08
2007-01-29,55
2007-01-26,55.07
2007-01-25,55.08
2007-01-24,55.15
2007-01-23,55.17
2007-01-22,55.27
2007-01-19,55.24
2007-01-18,55.27
2007-01-17,55.19
2007-01-16,55.22
2007-01-12,55.15
2007-01-11,55.23
2007-01-10,55.33
2007-01-09,55.39
2007-01-08,55.39
2007-01-05,55.36
2007-01-04,55.4
2007-01-03,55.28
2006-12-29,55.17
2006-12-28,55.17
2006-12-27,55.24
2006-12-26,55.39
2006-12-22,55.41
2006-12-21,55.46
2006-12-20,55.35
2006-12-19,55.37
2006-12-18,55.33
2006-12-15,55.3
2006-12-14,55.31
2006-12-13,55.39
2006-12-12,55.56
2006-12-11,55.41
2006-12-08,55.42
2006-12-07,55.53
2006-12-06,55.58
2006-12-05,55.63
2006-12-04,55.66
2006-12-01,55.6
2006-11-30,55.5
2006-11-29,55.33
2006-11-28,55.41
2006-11-27,55.26
2006-11-24,55.29
2006-11-22,55.28
2006-11-21,55.2
2006-11-20,55.13
2006-11-17,55.09
2006-11-16,54.95
2006-11-15,54.99
2006-11-14,55.1
2006-11-13,55.02
2006-11-10,55.09
2006-11-09,54.97
2006-11-08,54.95
2006-11-07,54.8
2006-11-06,54.67
2006-11-03,54.67
2006-11-02,54.95
2006-11-01,55.01
2006-10-31,54.92
2006-10-30,54.71
2006-10-27,54.7
2006-10-26,54.59
2006-10-25,54.41
2006-10-24,54.28
2006-10-23,54.22
2006-10-20,54.38
2006-10-19,54.39
2006-10-18,54.42
2006-10-17,54.35
2006-10-16,54.27
2006-10-13,54.18
2006-10-12,54.32
2006-10-11,54.27
2006-10-10,54.33
2006-10-09,54.54
2006-10-06,54.42
2006-10-05,54.63
2006-10-04,54.8
2006-10-03,54.58
2006-10-02,54.59
2006-09-29,54.54
2006-09-28,54.59
2006-09-27,54.57
2006-09-26,54.59
2006-09-25,54.6
2006-09-22,54.49
2006-09-21,54.46
2006-09-20,54.22
2006-09-19,54.16
2006-09-18,54.04
2006-09-15,54.05
2006-09-14,54.06
2006-09-13,54.14
2006-09-12,54.1
2006-09-11,53.97
2006-09-08,54
2006-09-07,53.93
2006-09-06,53.95
2006-09-05,53.94
2006-09-01,54
2006-08-31,54
2006-08-30,53.93
2006-08-29,53.84
2006-08-28,53.82
2006-08-25,53.87
2006-08-24,53.82
2006-08-23,53.82
2006-08-22,53.84
2006-08-21,53.83
2006-08-18,53.7
2006-08-17,53.67
2006-08-16,53.66
2006-08-15,53.48
2006-08-14,53.35
2006-08-11,53.41
2006-08-10,53.5
2006-08-09,53.53
2006-08-08,53.49
2006-08-07,53.49
2006-08-04,53.48
2006-08-03,53.31
2006-08-02,53.3
2006-08-01,53.28
2006-07-31,53.15
2006-07-28,53.22
2006-07-27,53.1
2006-07-26,53.02
2006-07-25,52.98
2006-07-24,53.03
2006-07-21,52.95
2006-07-20,52.98
2006-07-19,52.92
2006-07-18,52.72
2006-07-17,52.76
2006-07-14,52.87
2006-07-13,52.8
2006-07-12,52.76
2006-07-11,52.72
2006-07-10,52.64
2006-07-07,52.59
2006-07-06,52.39
2006-07-05,52.35
2006-07-03,52.5
2006-06-30,52.42
2006-06-29,52.43
2006-06-28,52.25
2006-06-27,52.3
2006-06-26,52.15
2006-06-23,52.3
2006-06-22,52.28
2006-06-21,52.5
2006-06-20,52.49
2006-06-19,52.46
2006-06-16,52.6
2006-06-15,52.63
2006-06-14,52.71
2006-06-13,52.91
2006-06-12,52.76
2006-06-09,52.92
2006-06-08,52.85
2006-06-07,52.67
2006-06-06,52.84
2006-06-05,52.7
2006-06-02,52.87
2006-06-01,52.47
2006-05-31,52.51
2006-05-30,52.63
2006-05-26,52.74
2006-05-25,52.52
2006-05-24,52.52
2006-05-23,52.51
2006-05-22,52.66
2006-05-19,52.65
2006-05-18,52.66
2006-05-17,52.44
2006-05-16,52.59
2006-05-15,52.33
2006-05-12,52.3
2006-05-11,52.41
2006-05-10,52.44
2006-05-09,52.5
2006-05-08,52.53
2006-05-05,52.49
2006-05-04,52.39
2006-05-03,52.42
2006-05-02,52.46
2006-05-01,52.41
2006-04-28,52.61
2006-04-27,52.49
2006-04-26,52.37
2006-04-25,52.46
2006-04-24,52.64
2006-04-21,52.44
2006-04-20,52.45
2006-04-19,52.53
2006-04-18,52.48
2006-04-17,52.52
2006-04-13,52.43
2006-04-12,52.54
2006-04-11,52.59
2006-04-10,52.48
2006-04-07,52.53
2006-04-06,52.7
2006-04-05,52.75
2006-04-04,52.71
2006-04-03,52.64
2006-03-31,52.69
2006-03-30,52.51
2006-03-29,52.75
2006-03-28,52.86
2006-03-27,52.99
2006-03-24,52.95
2006-03-23,52.86
2006-03-22,52.9
2006-03-21,52.81
2006-03-20,52.95
2006-03-17,52.97
2006-03-16,53.08
2006-03-15,52.86
2006-03-14,53
2006-03-13,52.83
2006-03-10,52.73
2006-03-09,52.71
2006-03-08,52.78
2006-03-07,52.75
2006-03-06,52.62
2006-03-03,52.91
2006-03-02,53.02
2006-03-01,53.15
2006-02-28,53.15
2006-02-27,53.04
2006-02-24,53.15
2006-02-23,53.11
2006-02-22,53.14
2006-02-21,52.93
2006-02-17,53.13
2006-02-16,52.91
2006-02-15,52.96
2006-02-14,52.9
2006-02-13,52.99
2006-02-10,52.95
2006-02-09,53.06
2006-02-08,53.03
2006-02-07,53.06
2006-02-06,53.09
2006-02-03,53.1
2006-02-02,52.96
2006-02-01,52.92
2006-01-31,53.07
2006-01-30,53.06
2006-01-27,53.05
2006-01-26,52.98
2006-01-25,53.15
2006-01-24,53.28
2006-01-23,53.37
2006-01-20,53.37
2006-01-19,53.34
2006-01-18,53.42
2006-01-17,53.36
2006-01-13,53.33
2006-01-12,53.18
2006-01-11,53.05
2006-01-10,53.08
2006-01-09,53.19
2006-01-06,53.13
2006-01-05,53.25
2006-01-04,53.25
2006-01-03,53.12
2005-12-30,53.1
2005-12-29,53.03
2005-12-28,53
2005-12-27,53.19
2005-12-23,53.05
2005-12-22,52.91
2005-12-21,52.8
2005-12-20,52.8
2005-12-19,52.78
2005-12-16,52.74
2005-12-15,52.74
2005-12-14,52.8
2005-12-13,52.65
2005-12-12,52.45
2005-12-09,52.56
2005-12-08,52.74
2005-12-07,52.48
2005-12-06,52.54
2005-12-05,52.45
2005-12-02,52.43
2005-12-01,52.43
2005-11-30,52.5
2005-11-29,52.61
2005-11-28,52.69
2005-11-25,52.76
2005-11-23,52.71
2005-11-22,52.75
2005-11-21,52.61
2005-11-18,52.44
2005-11-17,52.47
2005-11-16,52.45
2005-11-15,52.33
2005-11-14,52.26
2005-11-11,52.43
2005-11-10,52.38
2005-11-09,52.2
2005-11-08,52.33
2005-11-07,52.16
2005-11-04,52.15
2005-11-03,52.1
2005-11-02,52.28
2005-11-01,52.32
2005-10-31,52.31
2005-10-28,52.31
2005-10-27,52.4
2005-10-26,52.28
2005-10-25,52.48
2005-10-24,52.64
2005-10-21,52.75
2005-10-20,52.62
2005-10-19,52.61
2005-10-18,52.52
2005-10-17,52.54
2005-10-14,52.46
2005-10-13,52.47
2005-10-12,52.61
2005-10-11,52.63
2005-10-10,52.79
2005-10-07,52.72
2005-10-06,52.77
2005-10-05,52.81
2005-10-04,52.72
2005-10-03,52.65
2005-09-30,52.83
2005-09-29,52.86
2005-09-28,52.98
2005-09-27,52.83
2005-09-26,52.87
2005-09-23,53
2005-09-22,53.09
2005-09-21,53.04
2005-09-20,52.92
2005-09-19,52.96
2005-09-16,52.91
2005-09-15,53.03
2005-09-14,53.16
2005-09-13,53.22
2005-09-12,53.09
2005-09-09,53.16
2005-09-08,53.18
2005-09-07,53.18
2005-09-06,53.27
2005-09-02,53.38
2005-09-01,53.4
2005-08-31,53.33
2005-08-30,53.12
2005-08-29,52.99
2005-08-26,52.97
2005-08-25,53.01
2005-08-24,53.01
2005-08-23,52.95
2005-08-22,52.91
2005-08-19,52.86
2005-08-18,52.91
2005-08-17,52.77
2005-08-16,52.88
2005-08-15,52.75
2005-08-12,52.8
2005-08-11,52.65
2005-08-10,52.51
2005-08-09,52.5
2005-08-08,52.41
2005-08-05,52.42
2005-08-04,52.68
2005-08-03,52.73
2005-08-02,52.56
2005-08-01,52.68
2005-07-29,52.71
2005-07-28,52.87
2005-07-27,52.72
2005-07-26,52.75
2005-07-25,52.69
2005-07-22,52.69
2005-07-21,52.61
2005-07-20,52.89
2005-07-19,52.8
2005-07-18,52.77
2005-07-15,52.87
2005-07-14,52.84
2005-07-13,52.84
2005-07-12,52.91
2005-07-11,52.94
2005-07-08,52.93
2005-07-07,53.02
2005-07-06,52.95
2005-07-05,52.87
2005-07-01,53.07
2005-06-30,53.26
2005-06-29,53.09
2005-06-28,53.11
2005-06-27,53.27
2005-06-24,53.23
2005-06-23,53.14
2005-06-22,53.2
2005-06-21,52.97
2005-06-20,52.75
2005-06-17,52.87
2005-06-16,52.87
2005-06-15,52.71
2005-06-14,52.74
2005-06-13,52.81
2005-06-10,52.86
2005-06-09,53.06
2005-06-08,53.07
2005-06-07,53.17
2005-06-06,53.03
2005-06-03,53.02
2005-06-02,53.15
2005-06-01,53.19
2005-05-31,52.8
2005-05-27,52.65
2005-05-26,52.69
2005-05-25,52.69
2005-05-24,52.7
2005-05-23,52.61
2005-05-20,52.44
2005-05-19,52.5
2005-05-18,52.63
2005-05-17,52.49
2005-05-16,52.43
2005-05-13,52.5
2005-05-12,52.45
2005-05-11,52.33
2005-05-10,52.24
2005-05-09,52.18
2005-05-06,52.23
2005-05-05,52.42
2005-05-04,52.38
2005-05-03,52.33
2005-05-02,52.36
2005-04-29,52.36
2005-04-28,52.45
2005-04-27,52.32
2005-04-26,52.1
2005-04-25,52.23
2005-04-22,52.25
2005-04-21,52.14
2005-04-20,52.27
2005-04-19,52.23
2005-04-18,52.17
2005-04-15,52.23
2005-04-14,52.04
2005-04-13,52
2005-04-12,51.93
2005-04-11,51.78
2005-04-08,51.69
2005-04-07,51.69
2005-04-06,51.75
2005-04-05,51.62
2005-04-04,51.72
2005-04-01,51.78
2005-03-31,51.48
2005-03-30,51.45
2005-03-29,51.3
2005-03-28,51.33
2005-03-24,51.43
2005-03-23,51.4
2005-03-22,51.33
2005-03-21,51.61
2005-03-18,51.61
2005-03-17,51.65
2005-03-16,51.66
2005-03-15,51.62
2005-03-14,51.61
2005-03-11,51.63
2005-03-10,51.59
2005-03-09,51.65
2005-03-08,51.97
2005-03-07,52.08
2005-03-04,52.07
2005-03-03,51.92
2005-03-02,51.88
2005-03-01,51.94
2005-02-28,51.98
2005-02-25,52.12
2005-02-24,52.07
2005-02-23,52.12
2005-02-22,52.1
2005-02-18,52.25
2005-02-17,52.23
2005-02-16,52.26
2005-02-15,52.32
2005-02-14,52.42
2005-02-11,52.41
2005-02-10,52.34
2005-02-09,52.61
2005-02-08,52.46
2005-02-07,52.43
2005-02-04,52.42
2005-02-03,52.21
2005-02-02,52.27
2005-02-01,52.23
2005-01-31,52.18
2005-01-28,52.24
2005-01-27,52.06
2005-01-26,52.14
2005-01-25,52.16
2005-01-24,52.25
2005-01-21,52.24
2005-01-20,52.22
2005-01-19,52.15
2005-01-18,52.07
2005-01-14,51.93
2005-01-13,52.12
2005-01-12,51.99
2005-01-11,51.92
2005-01-10,51.85
2005-01-07,51.87
2005-01-06,51.89
2005-01-05,51.85
2005-01-04,51.87
2005-01-03,51.92
2004-12-31,51.92
2004-12-30,51.85
2004-12-29,51.75
2004-12-28,51.76
2004-12-27,51.78
2004-12-23,51.98
2004-12-22,51.96
2004-12-21,51.84
2004-12-20,51.84
2004-12-17,51.79
2004-12-16,51.92
2004-12-15,52.12
2004-12-14,52.01
2004-12-13,51.96
2004-12-10,51.88
2004-12-09,51.95
2004-12-08,52.02
2004-12-07,51.84
2004-12-06,51.77
2004-12-03,51.71
2004-12-02,51.41
2004-12-01,51.32
2004-11-30,51.51
2004-11-29,51.49
2004-11-26,51.63
2004-11-24,51.78
2004-11-23,51.73
2004-11-22,51.76
2004-11-19,51.68
2004-11-18,51.78
2004-11-17,51.76
2004-11-16,51.63
2004-11-15,51.68
2004-11-12,51.66
2004-11-11,51.6
2004-11-10,51.55
2004-11-09,51.61
2004-11-08,51.49
2004-11-05,51.67
2004-11-04,51.8
2004-11-03,51.85
2004-11-02,51.74
2004-11-01,51.78
2004-10-29,51.89
2004-10-28,51.76
2004-10-27,51.7
2004-10-26,51.81
2004-10-25,51.97
2004-10-22,51.9
2004-10-21,51.78
2004-10-20,51.91
2004-10-19,51.73
2004-10-18,51.7
2004-10-15,51.75
2004-10-14,51.84
2004-10-13,51.6
2004-10-12,51.52
2004-10-11,51.57
2004-10-08,51.52
2004-10-07,51.27
2004-10-06,51.27
2004-10-05,51.37
2004-10-04,51.37
2004-10-01,51.36
2004-09-30,51.45
2004-09-29,51.37
2004-09-28,51.67
2004-09-27,51.58
2004-09-24,51.6
2004-09-23,51.58
2004-09-22,51.74
2004-09-21,51.57
2004-09-20,51.58
2004-09-17,51.36
2004-09-16,51.58
2004-09-15,51.42
2004-09-14,51.45
2004-09-13,51.4
2004-09-10,51.35
2004-09-09,51.24
2004-09-08,51.29
2004-09-07,51.13
2004-09-03,51.14
2004-09-02,51.16
2004-09-01,51.37
2004-08-31,51.18
2004-08-30,51.18
2004-08-27,51.13
2004-08-26,51.1
2004-08-25,51
2004-08-24,51
2004-08-23,50.99
2004-08-20,50.98
2004-08-19,51.13
2004-08-18,50.96
2004-08-17,51.12
2004-08-16,50.97
2004-08-13,51.03
2004-08-12,50.93
2004-08-11,50.83
2004-08-10,50.79
2004-08-09,50.93
2004-08-06,50.89
2004-08-05,50.57
2004-08-04,50.54
2004-08-03,50.43
2004-08-02,50.36
2004-07-30,50.37
2004-07-29,50
2004-07-28,50.12
2004-07-27,50.04
2004-07-26,50.16
2004-07-23,50.39
2004-07-22,50.27
2004-07-21,50.17
2004-07-20,50.28
2004-07-19,50.42
2004-07-16,50.49
2004-07-15,50.16
2004-07-14,50.25
2004-07-13,50.22
2004-07-12,50.28
2004-07-09,50.13
2004-07-08,50.28
2004-07-07,50.22
2004-07-06,50.25
2004-07-02,50.29
2004-07-01,49.97
2004-06-30,49.91
2004-06-29,49.52
2004-06-28,49.6
2004-06-25,49.77
2004-06-24,49.78
2004-06-23,49.59
2004-06-22,49.63
2004-06-21,49.65
2004-06-18,49.59
2004-06-17,49.52
2004-06-16,49.46
2004-06-15,49.56
2004-06-14,49.14
2004-06-10,49.28
2004-06-09,49.33
2004-06-08,49.32
2004-06-07,49.44
2004-06-04,49.39
2004-06-03,49.49
2004-06-02,49.51
2004-06-01,49.49
2004-05-28,49.55
2004-05-27,49.72
2004-05-26,49.48
2004-05-25,49.36
2004-05-24,49.37
2004-05-21,49.33
2004-05-20,49.41
2004-05-19,49.28
2004-05-18,49.36
2004-05-17,49.34
2004-05-14,49.09
2004-05-13,49.08
2004-05-12,49.09
2004-05-11,49.16
2004-05-10,49.04
2004-05-07,49.11
2004-05-06,49.53
2004-05-05,49.69
2004-05-04,49.75
2004-05-03,49.66
2004-04-30,49.73
2004-04-29,49.75
2004-04-28,49.89
2004-04-27,50.12
2004-04-26,50
2004-04-23,50.02
2004-04-22,50.11
2004-04-21,49.93
2004-04-20,50.05
2004-04-19,50.21
2004-04-16,50.28
2004-04-15,50.14
2004-04-14,50.21
2004-04-13,50.36
2004-04-12,50.45
2004-04-08,50.47
2004-04-07,50.44
2004-04-06,50.56
2004-04-05,50.42
2004-04-02,50.73
2004-04-01,51.2
2004-03-31,51.17
2004-03-30,50.92
2004-03-29,51.13
2004-03-26,51.22
2004-03-25,51.4
2004-03-24,51.43
2004-03-23,51.4
2004-03-22,51.39
2004-03-19,51.26
2004-03-18,51.31
2004-03-17,51.36
2004-03-16,51.39
2004-03-15,51.26
2004-03-12,51.25
2004-03-11,51.41
2004-03-10,51.3
2004-03-09,51.36
2004-03-08,51.28
2004-03-05,51.11
2004-03-04,50.74
2004-03-03,50.61
2004-03-02,50.67
2004-03-01,50.85
2004-02-27,50.82
2004-02-26,50.69
2004-02-25,50.77
2004-02-24,50.65
2004-02-23,50.7
2004-02-20,50.56
2004-02-19,50.72
2004-02-18,50.66
2004-02-17,50.7
2004-02-13,50.82
2004-02-12,50.6
2004-02-11,50.59
2004-02-10,50.4
2004-02-09,50.5
2004-02-06,50.47
2004-02-05,50.26
2004-02-04,50.41
2004-02-03,50.4
2004-02-02,50.26
2004-01-30,50.25
2004-01-29,50.15
2004-01-28,50.27
2004-01-27,50.37
2004-01-26,50.3
2004-01-23,50.49
2004-01-22,50.62
2004-01-21,50.53
2004-01-20,50.49
2004-01-16,50.54
2004-01-15,50.58
2004-01-14,50.51
2004-01-13,50.52
2004-01-12,50.4
2004-01-09,50.54
2004-01-08,50.13
2004-01-07,50.14
2004-01-06,50.03
2004-01-05,49.8
2004-01-02,49.75
2003-12-31,50.03
2003-12-30,49.96
2003-12-29,50.05
2003-12-26,50.18
2003-12-24,49.93
2003-12-23,49.89
2003-12-22,50.08
2003-12-19,50.11
2003-12-18,50.08
2003-12-17,50.01
2003-12-16,49.89
2003-12-15,49.86
2003-12-12,49.89
2003-12-11,49.86
2003-12-10,49.68
2003-12-09,49.49
2003-12-08,49.76
2003-12-05,49.76
2003-12-04,49.52
2003-12-03,49.44
2003-12-02,49.39
2003-12-01,49.41
2003-11-28,49.54
2003-11-26,49.62
2003-11-25,49.8
2003-11-24,49.61
2003-11-21,49.82
2003-11-20,49.76
2003-11-19,49.59
2003-11-18,49.83
2003-11-17,49.85
2003-11-14,49.64
2003-11-13,49.6
2003-11-12,49.24
2003-11-11,49.15
2003-11-10,49.24
2003-11-07,49.14
2003-11-06,49.12
2003-11-05,49.39
2003-11-04,49.39
2003-11-03,49.29
2003-10-31,49.38
2003-10-30,49.46
2003-10-29,49.46
2003-10-28,49.68
2003-10-27,49.48
2003-10-24,49.58
2003-10-23,49.34
2003-10-22,49.46
2003-10-21,49.24
2003-10-20,49.14
2003-10-17,49.17
2003-10-16,48.94
2003-10-15,49.07
2003-10-14,49.19
2003-10-13,49.29
2003-10-10,49.51
2003-10-09,49.23
2003-10-08,49.41
2003-10-07,49.29
2003-10-06,49.46
2003-10-03,49.38
2003-10-02,49.74
2003-10-01,49.82
2003-09-30,49.84
2003-09-29,49.59