Date,Adj Close 
2026-05-06,138.93
2026-05-05,138.11
2026-05-04,136.17
2026-05-01,137.44
2026-04-30,137.1
2026-04-29,134.73
2026-04-28,135.79
2026-04-27,136.56
2026-04-24,136.3
2026-04-23,135.57
2026-04-22,135.62
2026-04-21,135.08
2026-04-20,136.15
2026-04-17,135.39
2026-04-16,132.69
2026-04-15,132.26
2026-04-14,132.43
2026-04-13,131.81
2026-04-10,130.19
2026-04-09,130.75
2026-04-08,129.83
2026-04-07,126.52
2026-04-06,126.11
2026-04-02,125.43
2026-04-01,124.92
2026-03-31,124.31
2026-03-30,120.87
2026-03-27,121.75
2026-03-26,123.67
2026-03-25,125.08
2026-03-24,123.77
2026-03-23,122.89
2026-03-20,120.41
2026-03-19,122.77
2026-03-18,122.23
2026-03-17,123.83
2026-03-16,122.76
2026-03-13,121.86
2026-03-12,122.01
2026-03-11,124.32
2026-03-10,124.59
2026-03-09,125.17
2026-03-06,124.59
2026-03-05,127.46
2026-03-04,129.71
2026-03-03,129
2026-03-02,130.37
2026-02-27,129.5
2026-02-26,131.18
2026-02-25,130.45
2026-02-24,129.97
2026-02-23,128.79
2026-02-20,131.42
2026-02-19,130.72
2026-02-18,130.97
2026-02-17,130.6
2026-02-13,130.74
2026-02-12,129.2
2026-02-11,131.61
2026-02-10,131.86
2026-02-09,131.78
2026-02-06,131.76
2026-02-05,128.23
2026-02-04,129.14
2026-02-03,128.04
2026-02-02,128.15
2026-01-30,126.83
2026-01-29,127.66
2026-01-28,126.86
2026-01-27,127.46
2026-01-26,127.94
2026-01-23,127.89
2026-01-22,130.22
2026-01-21,129.91
2026-01-20,126.62
2026-01-16,128.42
2026-01-15,128.86
2026-01-14,127.04
2026-01-13,126.32
2026-01-12,126.34
2026-01-09,126.22
2026-01-08,125.27
2026-01-07,123.52
2026-01-06,124.52
2026-01-05,122.7
2026-01-02,121.18
2025-12-31,119.99
2025-12-30,121.5
2025-12-29,122.34
2025-12-26,122.94
2025-12-24,122.95
2025-12-23,122.55
2025-12-22,123.11
2025-12-19,122.19
2025-12-18,121.94
2025-12-17,121.69
2025-12-16,122.05
2025-12-15,122.95
2025-12-12,123.35
2025-12-11,124.68
2025-12-10,123.32
2025-12-09,120.94
2025-12-08,120.38
2025-12-05,120.88
2025-12-04,121.09
2025-12-03,121.18
2025-12-02,119.53
2025-12-01,119.48
2025-11-28,120.12
2025-11-26,120.03
2025-11-25,119.37
2025-11-24,116.36
2025-11-21,114.86
2025-11-20,111.36
2025-11-19,113.37
2025-11-18,113.5
2025-11-17,113.59
2025-11-14,116.13
2025-11-13,116.23
2025-11-12,118.76
2025-11-11,118.85
2025-11-10,118.37
2025-11-07,117.22
2025-11-06,116.22
2025-11-05,117.82
2025-11-04,115.88
2025-11-03,117.31
2025-10-31,117.07
2025-10-30,116.87
2025-10-29,118.15
2025-10-28,119.7
2025-10-27,120.4
2025-10-24,120.39
2025-10-23,119.35
2025-10-22,118.17
2025-10-21,119.05
2025-10-20,118.71
2025-10-17,116.86
2025-10-16,117.06
2025-10-15,118.61
2025-10-14,117.62
2025-10-13,115.86
2025-10-10,113.56
2025-10-09,117.22
2025-10-08,118.58
2025-10-07,117.51
2025-10-06,119.03
2025-10-03,119.34
2025-10-02,118.8
2025-10-01,118.44
2025-09-30,118.09
2025-09-29,117.85
2025-09-26,117.74
2025-09-25,116.58
2025-09-24,117.61
2025-09-23,118.59
2025-09-22,118.83
2025-09-19,118.52
2025-09-18,119.88
2025-09-17,117.22
2025-09-16,117.25
2025-09-15,117.39
2025-09-12,117.29
2025-09-11,118.91
2025-09-10,116.45
2025-09-09,116.74
2025-09-08,117.77
2025-09-05,117.95
2025-09-04,117.58
2025-09-03,115.85
2025-09-02,115.99
2025-08-29,116.87
2025-08-28,117.35
2025-08-27,117.58
2025-08-26,116.61
2025-08-25,116.22
2025-08-22,117.33
2025-08-21,112.99
2025-08-20,113.08
2025-08-19,113.61
2025-08-18,113.47
2025-08-15,113.31
2025-08-14,114.01
2025-08-13,115.64
2025-08-12,113.25
2025-08-11,109.72
2025-08-08,109.79
2025-08-07,109.49
2025-08-06,109.71
2025-08-05,109.72
2025-08-04,109.2
2025-08-01,107.38
2025-07-31,109.19
2025-07-30,110.45
2025-07-29,111.24
2025-07-28,111.68
2025-07-25,111.79
2025-07-24,111.21
2025-07-23,113.02
2025-07-22,111.71
2025-07-21,110.5
2025-07-18,110.76
2025-07-17,111.75
2025-07-16,110.45
2025-07-15,109.72
2025-07-14,112
2025-07-11,111.7
2025-07-10,112.94
2025-07-09,111.83
2025-07-08,110.91
2025-07-07,110.06
2025-07-03,111.96
2025-07-02,111.35
2025-07-01,109.86
2025-06-30,108.21
2025-06-27,108.4
2025-06-26,108.08
2025-06-25,106.49
2025-06-24,107.56
2025-06-23,106.49
2025-06-20,105.09
2025-06-18,105.24
2025-06-17,104.8
2025-06-16,105.92
2025-06-13,104.86
2025-06-12,106.93
2025-06-11,107.35
2025-06-10,108
2025-06-09,107.35
2025-06-06,106.21
2025-06-05,104.95
2025-06-04,104.98
2025-06-03,105.26
2025-06-02,103.59
2025-05-30,103.94
2025-05-29,104.41
2025-05-28,103.92
2025-05-27,105.19
2025-05-23,102.58
2025-05-22,103.13
2025-05-21,103.22
2025-05-20,106.15
2025-05-19,106.33
2025-05-16,107.02
2025-05-15,106.2
2025-05-14,105.47
2025-05-13,106.56
2025-05-12,106.07
2025-05-09,102.22
2025-05-08,102.25
2025-05-07,100.41
2025-05-06,100.27
2025-05-05,100.91
2025-05-02,101.64
2025-05-01,99.39
2025-04-30,98.78
2025-04-29,99.48
2025-04-28,98.83
2025-04-25,98.49
2025-04-24,98.53
2025-04-23,96.57
2025-04-22,95.35
2025-04-21,93.1
2025-04-17,95
2025-04-16,93.99
2025-04-15,94.93
2025-04-14,95.15
2025-04-11,94.12
2025-04-10,92.95
2025-04-09,97.23
2025-04-08,89.33
2025-04-07,92.07
2025-04-04,93.35
2025-04-03,97.56
2025-04-02,104.91
2025-04-01,103.38
2025-03-31,103.16
2025-03-28,102.6
2025-03-27,104.87
2025-03-26,105.35
2025-03-25,105.91
2025-03-24,106.55
2025-03-21,103.94
2025-03-20,104.62
2025-03-19,105.12
2025-03-18,103.72
2025-03-17,104.37
2025-03-14,103.26
2025-03-13,100.8
2025-03-12,102.52
2025-03-11,102.97
2025-03-10,103.54
2025-03-07,106.03
2025-03-06,105.49
2025-03-05,106.85
2025-03-04,105.75
2025-03-03,107.38
2025-02-28,109.94
2025-02-27,109.01
2025-02-26,110.56
2025-02-25,110.79
2025-02-24,110.68
2025-02-21,111.09
2025-02-20,114.12
2025-02-19,115.43
2025-02-18,115.87
2025-02-14,115.15
2025-02-13,115.24
2025-02-12,113.69
2025-02-11,115.13
2025-02-10,115.34
2025-02-07,115.21
2025-02-06,116.85
2025-02-05,117.27
2025-02-04,116.23
2025-02-03,114.94
2025-01-31,116.48
2025-01-30,117.47
2025-01-29,116.36
2025-01-28,116.74
2025-01-27,116.81
2025-01-24,117.1
2025-01-23,117.35
2025-01-22,116.95
2025-01-21,117.98
2025-01-17,116.04
2025-01-16,115.43
2025-01-15,115.1
2025-01-14,113.19
2025-01-13,111.66
2025-01-10,111.21
2025-01-08,113.48
2025-01-07,113.45
2025-01-06,114.3
2025-01-03,114.31
2025-01-02,113.07
2024-12-31,113.32
2024-12-30,113.07
2024-12-27,113.89
2024-12-26,115.45
2024-12-24,114.67
2024-12-23,113.72
2024-12-20,113.92
2024-12-19,113.19
2024-12-18,113.6
2024-12-17,118.42
2024-12-16,120.11
2024-12-13,119.68
2024-12-12,120.5
2024-12-11,121.48
2024-12-10,120.76
2024-12-09,121.18
2024-12-06,121.33
2024-12-05,121.32
2024-12-04,123.09
2024-12-03,122.67
2024-12-02,123.58
2024-11-29,123.29
2024-11-27,122.99
2024-11-26,122.92
2024-11-25,124.12
2024-11-22,121.85
2024-11-21,119.83
2024-11-20,117.92
2024-11-19,117.76
2024-11-18,117.5
2024-11-15,117.44
2024-11-14,118.56
2024-11-13,120.11
2024-11-12,121.14
2024-11-11,123.03
2024-11-08,121.07
2024-11-07,120.37
2024-11-06,121.21
2024-11-05,114.36
2024-11-04,112.05
2024-11-01,111.36
2024-10-31,111
2024-10-30,112.84
2024-10-29,112.71
2024-10-28,113.22
2024-10-25,111.54
2024-10-24,112.04
2024-10-23,111.72
2024-10-22,112.43
2024-10-21,113.1
2024-10-18,115.12
2024-10-17,115.48
2024-10-16,115.68
2024-10-15,114.14
2024-10-14,113.99
2024-10-11,113.22
2024-10-10,111.17
2024-10-09,111.93
2024-10-08,111.62
2024-10-07,111.74
2024-10-04,112.81
2024-10-03,111.14
2024-10-02,111.98
2024-10-01,112.49
2024-09-30,113.96
2024-09-27,113.57
2024-09-26,112.73
2024-09-25,112.01
2024-09-24,113.47
2024-09-23,113.44
2024-09-20,113.45
2024-09-19,114.59
2024-09-18,112.4
2024-09-17,112.25
2024-09-16,111.39
2024-09-13,110.93
2024-09-12,108.12
2024-09-11,106.75
2024-09-10,106.56
2024-09-09,106.91
2024-09-06,107.18
2024-09-05,109.05
2024-09-04,109.51
2024-09-03,109.79
2024-08-30,113.02
2024-08-29,112.46
2024-08-28,111.88
2024-08-27,112.23
2024-08-26,112.93
2024-08-23,112.97
2024-08-22,109.69
2024-08-21,110.52
2024-08-20,109.26
2024-08-19,110.53
2024-08-16,109.61
2024-08-15,109.29
2024-08-14,106.78
2024-08-13,107.29
2024-08-12,105.49
2024-08-09,106.79
2024-08-08,106.99
2024-08-07,104.63
2024-08-06,105.65
2024-08-05,104.45
2024-08-02,107.78
2024-08-01,111.58
2024-07-31,114.8
2024-07-30,114.13
2024-07-29,113.49
2024-07-26,114.22
2024-07-25,112.12
2024-07-24,110.72
2024-07-23,112.79
2024-07-22,111.92
2024-07-19,110.31
2024-07-18,111.08
2024-07-17,112.81
2024-07-16,113.34
2024-07-15,109.44
2024-07-12,107.96
2024-07-11,106.93
2024-07-10,103.48
2024-07-09,102.38
2024-07-08,103.04
2024-07-05,102.37
2024-07-03,103.16
2024-07-02,103.21
2024-07-01,102.67
2024-06-28,103.47
2024-06-27,102.64
2024-06-26,102.15
2024-06-25,102.1
2024-06-24,102.99
2024-06-21,102.29
2024-06-20,102.14
2024-06-18,102.54
2024-06-17,102.51
2024-06-14,101.55
2024-06-13,103.08
2024-06-12,104.1
2024-06-11,102.49
2024-06-10,102.89
2024-06-07,103.36
2024-06-06,104.44
2024-06-05,105.17
2024-06-04,104.02
2024-06-03,105.61
2024-05-31,105.99
2024-05-30,104.79
2024-05-29,103.52
2024-05-28,104.8
2024-05-24,105.18
2024-05-23,104.21
2024-05-22,105.73
2024-05-21,106.48
2024-05-20,106.54
2024-05-17,106.7
2024-05-16,106.72
2024-05-15,107.17
2024-05-14,106.71
2024-05-13,105.66
2024-05-10,105.34
2024-05-09,105.9
2024-05-08,104.64
2024-05-07,104.99
2024-05-06,104.64
2024-05-03,103.55
2024-05-02,102.78
2024-05-01,101.24
2024-04-30,100.9
2024-04-29,102.85
2024-04-26,102.12
2024-04-25,101.36
2024-04-24,102.18
2024-04-23,102.42
2024-04-22,100.63
2024-04-19,99.77
2024-04-18,98.92
2024-04-17,98.72
2024-04-16,99.54
2024-04-15,100.08
2024-04-12,101.02
2024-04-11,102.56
2024-04-10,102.13
2024-04-09,105.26
2024-04-08,104.78
2024-04-05,104.02
2024-04-04,103.68
2024-04-03,104.56
2024-04-02,103.89
2024-04-01,105.73
2024-03-28,106.83
2024-03-27,106.29
2024-03-26,103.79
2024-03-25,103.95
2024-03-22,104.17
2024-03-21,105.5
2024-03-20,104.29
2024-03-19,102.59
2024-03-18,101.89
2024-03-15,102.22
2024-03-14,101.84
2024-03-13,103.42
2024-03-12,103.33
2024-03-11,103.61
2024-03-08,104.09
2024-03-07,104.17
2024-03-06,103.36
2024-03-05,103
2024-03-04,103.45
2024-03-01,103.98
2024-02-29,103.45
2024-02-28,102.93
2024-02-27,103.6
2024-02-26,102.74
2024-02-23,102.71
2024-02-22,102.4
2024-02-21,102.15
2024-02-20,102.46
2024-02-16,103.48
2024-02-15,104.65
2024-02-14,102.11
2024-02-13,100.23
2024-02-12,103.97
2024-02-09,102.15
2024-02-08,100.93
2024-02-07,99.57
2024-02-06,99.86
2024-02-05,99.3
2024-02-02,100.89
2024-02-01,101.33
2024-01-31,100.22
2024-01-30,102.83
2024-01-29,103.35
2024-01-26,102.15
2024-01-25,102
2024-01-24,101.25
2024-01-23,102.04
2024-01-22,102.56
2024-01-19,100.55
2024-01-18,99.56
2024-01-17,98.63
2024-01-16,99.58
2024-01-12,100.57
2024-01-11,100.78
2024-01-10,101.45
2024-01-09,101.08
2024-01-08,102.23
2024-01-05,100.6
2024-01-04,100.84
2024-01-03,101.05
2024-01-02,103.82
2023-12-29,104.32
2023-12-28,105.76
2023-12-27,106.11
2023-12-26,105.6
2023-12-22,104.4
2023-12-21,103.85
2023-12-20,102.16
2023-12-19,103.97
2023-12-18,101.9
2023-12-15,102.05
2023-12-14,102.92
2023-12-13,100.08
2023-12-12,96.84
2023-12-11,96.97
2023-12-08,96.45
2023-12-07,95.85
2023-12-06,94.78
2023-12-05,94.98
2023-12-04,96.44
2023-12-01,95.2
2023-11-30,92.5
2023-11-29,92.19
2023-11-28,91.91
2023-11-27,92.39
2023-11-24,92.63
2023-11-22,92.18
2023-11-21,91.69
2023-11-20,92.8
2023-11-17,92.44
2023-11-16,91.42
2023-11-15,92.79
2023-11-14,92.65
2023-11-13,87.88
2023-11-10,87.88
2023-11-09,86.96
2023-11-08,88.16
2023-11-07,88.99
2023-11-06,89.65
2023-11-03,90.56
2023-11-02,88.1
2023-11-01,85.81
2023-10-31,85.44
2023-10-30,84.74
2023-10-27,84.21
2023-10-26,85.08
2023-10-25,84.86
2023-10-24,85.9
2023-10-23,85.39
2023-10-20,86.17
2023-10-19,87.19
2023-10-18,88.56
2023-10-17,90.28
2023-10-16,89.24
2023-10-13,87.68
2023-10-12,88.7
2023-10-11,90.41
2023-10-10,90.29
2023-10-09,89.32
2023-10-06,88.57
2023-10-05,88.02
2023-10-04,88.14
2023-10-03,87.96
2023-10-02,89.35
2023-09-29,90.67
2023-09-28,91.29
2023-09-27,90.17
2023-09-26,89.29
2023-09-25,90.61
2023-09-22,90.19
2023-09-21,90.49
2023-09-20,91.84
2023-09-19,92.59
2023-09-18,92.78
2023-09-15,93.36
2023-09-14,94.25
2023-09-13,92.66
2023-09-12,93.2
2023-09-11,93.2
2023-09-08,93.22
2023-09-07,93.58
2023-09-06,94.25
2023-09-05,94.57
2023-09-01,97.38
2023-08-31,96.4
2023-08-30,96.52
2023-08-29,96.1
2023-08-28,94.83
2023-08-25,94.06
2023-08-24,93.83
2023-08-23,94.78
2023-08-22,93.78
2023-08-21,93.97
2023-08-18,94.42
2023-08-17,93.94
2023-08-16,94.93
2023-08-15,96.05
2023-08-14,97.16
2023-08-11,97.59
2023-08-10,97.68
2023-08-09,98.05
2023-08-08,98.76
2023-08-07,99.44
2023-08-04,98.87
2023-08-03,98.88
2023-08-02,99.26
2023-08-01,100.09
2023-07-31,100.58
2023-07-28,99.7
2023-07-27,98.76
2023-07-26,99.82
2023-07-25,99.09
2023-07-24,99.12
2023-07-21,98.56
2023-07-20,98.92
2023-07-19,99.67
2023-07-18,99.12
2023-07-17,97.77
2023-07-14,97
2023-07-13,97.82
2023-07-12,97.28
2023-07-11,96.22
2023-07-10,95.34
2023-07-07,94.11
2023-07-06,93.19
2023-07-05,94.49
2023-07-03,95.92
2023-06-30,95.31
2023-06-29,95.23
2023-06-28,93.68
2023-06-27,93.56
2023-06-26,91.97
2023-06-23,91.38
2023-06-22,92.88
2023-06-21,93.87
2023-06-20,93.98
2023-06-16,94.35
2023-06-15,94.79
2023-06-14,93.93
2023-06-13,95.08
2023-06-12,94.32
2023-06-09,94.08
2023-06-08,94.86
2023-06-07,95.47
2023-06-06,93.18
2023-06-05,90.6
2023-06-02,92.5
2023-06-01,88.84
2023-05-31,88.09
2023-05-30,89.25
2023-05-26,89.67
2023-05-25,88.69
2023-05-24,89
2023-05-23,90.1
2023-05-22,90.22
2023-05-19,89.53
2023-05-18,90.21
2023-05-17,89.4
2023-05-16,87.3
2023-05-15,88.47
2023-05-12,87.5
2023-05-11,87.76
2023-05-10,88.36
2023-05-09,88.04
2023-05-08,88.57
2023-05-05,88.96
2023-05-04,86.86
2023-05-03,87.92
2023-05-02,87.89
2023-05-01,89.56
2023-04-28,89.59
2023-04-27,88.77
2023-04-26,87.4
2023-04-25,88.22
2023-04-24,90.61
2023-04-21,90.56
2023-04-20,90.74
2023-04-19,91.15
2023-04-18,90.87
2023-04-17,91.36
2023-04-14,90.81
2023-04-13,91.54
2023-04-12,90.77
2023-04-11,91.52
2023-04-10,90.89
2023-04-06,89.75
2023-04-05,89.72
2023-04-04,90.42
2023-04-03,92.25
2023-03-31,92.16
2023-03-30,90.47
2023-03-29,90.5
2023-03-28,89.89
2023-03-27,89.83
2023-03-24,88.87
2023-03-23,87.94
2023-03-22,88.67
2023-03-21,91.11
2023-03-20,89.61
2023-03-17,88.32
2023-03-16,90.91
2023-03-15,89.48
2023-03-14,90.93
2023-03-13,89.12
2023-03-10,91.33
2023-03-09,93.68
2023-03-08,95.86
2023-03-07,95.7
2023-03-06,96.66
2023-03-03,98.9
2023-03-02,97.76
2023-03-01,97.47
2023-02-28,97.24
2023-02-27,97.27
2023-02-24,97.05
2023-02-23,97.8
2023-02-22,97.2
2023-02-21,96.83
2023-02-17,99.81
2023-02-16,99.64
2023-02-15,100.31
2023-02-14,99.37
2023-02-13,99.69
2023-02-10,98.42
2023-02-09,98.19
2023-02-08,99.47
2023-02-07,101
2023-02-06,100.3
2023-02-03,101.99
2023-02-02,102.26
2023-02-01,99.96
2023-01-31,98.43
2023-01-30,96.01
2023-01-27,97.08
2023-01-26,96.69
2023-01-25,96.01
2023-01-24,95.77
2023-01-23,96.1
2023-01-20,95.06
2023-01-19,93.65
2023-01-18,94.46
2023-01-17,95.97
2023-01-13,96.31
2023-01-12,95.72
2023-01-11,94.39
2023-01-10,93.34
2023-01-09,92.15
2023-01-06,92.16
2023-01-05,90.04
2023-01-04,90.83
2023-01-03,89.75
2022-12-30,89.88
2022-12-29,90.29
2022-12-28,88.34
2022-12-27,90.05
2022-12-23,90.1
2022-12-22,89.51
2022-12-21,90.63
2022-12-20,89.24
2022-12-19,88.95
2022-12-16,89.59
2022-12-15,90.41
2022-12-14,92.64
2022-12-13,93.36
2022-12-12,93.04
2022-12-09,92.05
2022-12-08,93.04
2022-12-07,92.61
2022-12-06,92.99
2022-12-05,93.89
2022-12-02,96.59
2022-12-01,96.2
2022-11-30,96.31
2022-11-29,94.05
2022-11-28,93.71
2022-11-25,95.56
2022-11-23,95.35
2022-11-22,95.23
2022-11-21,94.09
2022-11-18,94.39
2022-11-17,93.75
2022-11-16,94.13
2022-11-15,95.71
2022-11-14,94.49
2022-11-11,95.42
2022-11-10,94.9
2022-11-09,89.63
2022-11-08,91.75
2022-11-07,91.62
2022-11-04,90.73
2022-11-03,89.33
2022-11-02,89.84
2022-11-01,92.97
2022-10-31,92.61
2022-10-28,92.62
2022-10-27,90.73
2022-10-26,90.44
2022-10-25,90.06
2022-10-24,87.99
2022-10-21,87.23
2022-10-20,85.2
2022-10-19,86.47
2022-10-18,87.77
2022-10-17,86.76
2022-10-14,84.42
2022-10-13,86.41
2022-10-12,84.25
2022-10-11,84.81
2022-10-10,84.59
2022-10-07,84.59
2022-10-06,86.73
2022-10-05,87.2
2022-10-04,87.75
2022-10-03,84.54
2022-09-30,82.46
2022-09-29,82.94
2022-09-28,84.62
2022-09-27,82.38
2022-09-26,82.32
2022-09-23,83.6
2022-09-22,85.44
2022-09-21,87.29
2022-09-20,88.31
2022-09-19,89.41
2022-09-16,88.41
2022-09-15,89.03
2022-09-14,89.8
2022-09-13,89.76
2022-09-12,93.34
2022-09-09,92.22
2022-09-08,90.47
2022-09-07,90.07
2022-09-06,88.54
2022-09-02,89.69
2022-09-01,90.36
2022-08-31,91.45
2022-08-30,92.33
2022-08-29,93.75
2022-08-26,94.63
2022-08-25,97.73
2022-08-24,95.91
2022-08-23,95.65
2022-08-22,95.72
2022-08-19,97.89
2022-08-18,99.7
2022-08-17,98.84
2022-08-16,100.2
2022-08-15,99.76
2022-08-12,99.34
2022-08-11,97.6
2022-08-10,96.94
2022-08-09,94.9
2022-08-08,96.23
2022-08-05,95.61
2022-08-04,95.12
2022-08-03,95.95
2022-08-02,95.04
2022-08-01,95.88
2022-07-29,95.58
2022-07-28,94.81
2022-07-27,93.54
2022-07-26,91.47
2022-07-25,91.96
2022-07-22,91.43
2022-07-21,92.24
2022-07-20,92.04
2022-07-19,90.72
2022-07-18,87.62
2022-07-15,87.63
2022-07-14,85.85
2022-07-13,86.65
2022-07-12,86.87
2022-07-11,87
2022-07-08,88.2
2022-07-07,88.38
2022-07-06,86.84
2022-07-05,87.83
2022-07-01,87.77
2022-06-30,86.95
2022-06-29,87.31
2022-06-28,88.1
2022-06-27,89.43
2022-06-24,88.7
2022-06-23,86.07
2022-06-22,85.42
2022-06-21,85.6
2022-06-17,84.28
2022-06-16,83.77
2022-06-15,88.09
2022-06-14,87.26
2022-06-13,87.53
2022-06-10,91.58
2022-06-09,93.95
2022-06-08,95.72
2022-06-07,97.35
2022-06-06,96.3
2022-06-03,95.7
2022-06-02,96.6
2022-06-01,94.75
2022-05-31,95.01
2022-05-27,96.06
2022-05-26,93.88
2022-05-25,91.94
2022-05-24,90.08
2022-05-23,91.1
2022-05-20,90.15
2022-05-19,90.51
2022-05-18,90.97
2022-05-17,93.88
2022-05-16,91.15
2022-05-13,91.43
2022-05-12,89.31
2022-05-11,88.18
2022-05-10,89.71
2022-05-09,90.26
2022-05-06,92.88
2022-05-05,93.88
2022-05-04,97.36
2022-05-03,94.95
2022-05-02,93.95
2022-04-29,93.27
2022-04-28,95.78
2022-04-27,93.91
2022-04-26,94.28
2022-04-25,97.1
2022-04-22,96.85
2022-04-21,99.3
2022-04-20,100.89
2022-04-19,100.19
2022-04-18,98.28
2022-04-14,98.64
2022-04-13,99.33
2022-04-12,97.73
2022-04-11,97.16
2022-04-08,97.79
2022-04-07,98.35
2022-04-06,98.46
2022-04-05,99.56
2022-04-04,101.86
2022-04-01,102.27
2022-03-31,101.2
2022-03-30,102.27
2022-03-29,104.23
2022-03-28,101.81
2022-03-25,102.13
2022-03-24,101.54
2022-03-23,100.69
2022-03-22,102.51
2022-03-21,102.08
2022-03-18,102.65
2022-03-17,102.14
2022-03-16,100.89
2022-03-15,98.43
2022-03-14,97.41
2022-03-11,98.49
2022-03-10,99.72
2022-03-09,99.8
2022-03-08,97.64
2022-03-07,97.36
2022-03-04,99.59
2022-03-03,100.95
2022-03-02,101.69
2022-03-01,99.01
2022-02-28,100.88
2022-02-25,100.43
2022-02-24,98.23
2022-02-23,96.6
2022-02-22,98.04
2022-02-18,99.43
2022-02-17,99.98
2022-02-16,101.91
2022-02-15,101.6
2022-02-14,99.44
2022-02-11,99.65
2022-02-10,99.93
2022-02-09,101.3
2022-02-08,100.15
2022-02-07,98.42
2022-02-04,98.32
2022-02-03,98.32
2022-02-02,99.71
2022-02-01,100.17
2022-01-31,99.52
2022-01-28,97.43
2022-01-27,95.83
2022-01-26,97.81
2022-01-25,99.38
2022-01-24,100.49
2022-01-21,98.16
2022-01-20,99.56
2022-01-19,101.72
2022-01-18,103.53
2022-01-14,106.3
2022-01-13,105.81
2022-01-12,105.9
2022-01-11,106.33
2022-01-10,105.56
2022-01-07,105.99
2022-01-06,107.19
2022-01-05,106.49
2022-01-04,109.29
2022-01-03,108.43
2021-12-31,107.25
2021-12-30,107.38
2021-12-29,107.88
2021-12-28,107.41
2021-12-27,107.73
2021-12-23,106.15
2021-12-22,105.58
2021-12-21,104.36
2021-12-20,101.4
2021-12-17,102.82
2021-12-16,102.57
2021-12-15,104.35
2021-12-14,103.01
2021-12-13,103.6
2021-12-10,105.35
2021-12-09,105.34
2021-12-08,107.07
2021-12-07,106.64
2021-12-06,105.18
2021-12-03,102.72
2021-12-02,103.94
2021-12-01,101.12
2021-11-30,102.65
2021-11-29,104.95
2021-11-26,105.2
2021-11-24,109.3
2021-11-23,109.65
2021-11-22,109.54
2021-11-19,108.84
2021-11-18,110.13
2021-11-17,110.32
2021-11-16,111.53
2021-11-15,111.25
2021-11-12,111.17
2021-11-11,111.42
2021-11-10,110.57
2021-11-09,111.81
2021-11-08,111.96
2021-11-05,111.95
2021-11-04,109.6
2021-11-03,109.88
2021-11-02,107.53
2021-11-01,107.65
2021-10-29,105.21
2021-10-28,105.37
2021-10-27,103.37
2021-10-26,105.43
2021-10-25,106.42
2021-10-22,105.53
2021-10-21,105.47
2021-10-20,105.36
2021-10-19,104.57
2021-10-18,104.4
2021-10-15,104.22
2021-10-14,104.71
2021-10-13,103.33
2021-10-12,103.37
2021-10-11,103.09
2021-10-08,103.67
2021-10-07,104.35
2021-10-06,102.79
2021-10-05,103.52
2021-10-04,103.24
2021-10-01,103.61
2021-09-30,101.61
2021-09-29,103.36
2021-09-28,103.04
2021-09-27,104.53
2021-09-24,102.64
2021-09-23,102.78
2021-09-22,101.05
2021-09-21,99.44
2021-09-20,99.63
2021-09-17,101.36
2021-09-16,101.42
2021-09-15,101.8
2021-09-14,100.71
2021-09-13,102.02
2021-09-10,101.25
2021-09-09,102.29
2021-09-08,102.55
2021-09-07,103.42
2021-09-03,104.37
2021-09-02,105.02
2021-09-01,104.58
2021-08-31,104.09
2021-08-30,104.24
2021-08-27,104.86
2021-08-26,101.87
2021-08-25,103.01
2021-08-24,102.63
2021-08-23,101.92
2021-08-20,100.64
2021-08-19,99.14
2021-08-18,100.03
2021-08-17,100.84
2021-08-16,102.32
2021-08-13,102.83
2021-08-12,103.59
2021-08-11,104.12
2021-08-10,103.4
2021-08-09,102.41
2021-08-06,103.28
2021-08-05,102.03
2021-08-04,100.62
2021-08-03,102.43
2021-08-02,101.49
2021-07-30,102.14
2021-07-29,102.46
2021-07-28,101.2
2021-07-27,100.35
2021-07-26,101.31
2021-07-23,100.42
2021-07-22,99.6
2021-07-21,101.5
2021-07-20,99.83
2021-07-19,96.91
2021-07-16,98.81
2021-07-15,100.27
2021-07-14,100.72
2021-07-13,101.92
2021-07-12,103.86
2021-07-09,103.37
2021-07-08,100.8
2021-07-07,102
2021-07-06,102.69
2021-07-02,104.2
2021-07-01,105.32
2021-06-30,104.66
2021-06-29,104.33
2021-06-28,104.58
2021-06-25,105.66
2021-06-24,105.55
2021-06-23,104.16
2021-06-22,103.98
2021-06-21,103.41
2021-06-18,101.14
2021-06-17,103.85
2021-06-16,105.71
2021-06-15,105.75
2021-06-14,105.57
2021-06-11,106.09
2021-06-10,105.03
2021-06-09,106.7
2021-06-08,107.5
2021-06-07,106.28
2021-06-04,105.25
2021-06-03,104.87
2021-06-02,105.77
2021-06-01,106.09
2021-05-28,104.31
2021-05-27,104.61
2021-05-26,103.61
2021-05-25,101.44
2021-05-24,102.61
2021-05-21,102.09
2021-05-20,101.6
2021-05-19,101.39
2021-05-18,102.05
2021-05-17,103.07
2021-05-14,102.81
2021-05-13,100.8
2021-05-12,98.33
2021-05-11,101.45
2021-05-10,102.13
2021-05-07,104.27
2021-05-06,103.5
2021-05-05,102.81
2021-05-04,102.86
2021-05-03,103.33
2021-04-30,102.17
2021-04-29,103.62
2021-04-28,103.55
2021-04-27,103.36
2021-04-26,103.01
2021-04-23,102.52
2021-04-22,100.65
2021-04-21,101.24
2021-04-20,98.97
2021-04-19,101.35
2021-04-16,102.39
2021-04-15,102.08
2021-04-14,101.76
2021-04-13,100.65
2021-04-12,101.34
2021-04-09,101.22
2021-04-08,101.11
2021-04-07,100.58
2021-04-06,102.1
2021-04-05,102.2
2021-04-01,101.76
2021-03-31,100.32
2021-03-30,99.95
2021-03-29,98.52
2021-03-26,101.02
2021-03-25,98.62
2021-03-24,96.02
2021-03-23,97.73
2021-03-22,101.23
2021-03-19,102.67
2021-03-18,102.45
2021-03-17,104.76
2021-03-16,104.19
2021-03-15,105.83
2021-03-12,106.03
2021-03-11,105.02
2021-03-10,103.67
2021-03-09,101.57
2021-03-08,100.59
2021-03-05,98.7
2021-03-04,96.5
2021-03-03,98.3
2021-03-02,98.15
2021-03-01,99.88
2021-02-26,96.89
2021-02-25,97.35
2021-02-24,100.46
2021-02-23,97.75
2021-02-22,98.31
2021-02-19,97.72
2021-02-18,96.09
2021-02-17,97.56
2021-02-16,98.08
2021-02-12,98.31
2021-02-11,98.11
2021-02-10,97.89
2021-02-09,98.23
2021-02-08,97.52
2021-02-05,94.9
2021-02-04,93.78
2021-02-03,92.13
2021-02-02,91.8
2021-02-01,91.55
2021-01-29,89.96
2021-01-28,91.31
2021-01-27,93.15
2021-01-26,93.41
2021-01-25,93.4
2021-01-22,93.26
2021-01-21,92.1
2021-01-20,93.16
2021-01-19,92.67
2021-01-15,91.79
2021-01-14,93.42
2021-01-13,91.26
2021-01-12,92.07
2021-01-11,90.51
2021-01-08,90.09
2021-01-07,90.84
2021-01-06,89.89
2021-01-05,85.72
2021-01-04,83.93
2020-12-31,84.73
2020-12-30,84.6
2020-12-29,83.75
2020-12-28,85.21
2020-12-24,84.88
2020-12-23,84.81
2020-12-22,84.01
2020-12-21,83.48
2020-12-18,83.78
2020-12-17,84.5
2020-12-16,83.74
2020-12-15,84.16
2020-12-14,82
2020-12-11,82.18
2020-12-10,82.86
2020-12-09,82.47
2020-12-08,82.42
2020-12-07,81.82
2020-12-04,82.02
2020-12-03,80.03
2020-12-02,79.51
2020-12-01,79.14
2020-11-30,78.28
2020-11-27,80.07
2020-11-25,80.21
2020-11-24,80.84
2020-11-23,78.91
2020-11-20,77.12
2020-11-19,77.2
2020-11-18,76.75
2020-11-17,77.84
2020-11-16,77.4
2020-11-13,75.14
2020-11-12,73.18
2020-11-11,74.78
2020-11-10,75.28
2020-11-09,73.35
2020-11-06,69.98
2020-11-05,70.66
2020-11-04,68.65
2020-11-03,69.31
2020-11-02,67.61
2020-10-30,66.21
2020-10-29,67.07
2020-10-28,66.05
2020-10-27,68.14
2020-10-26,69.04
2020-10-23,70.5
2020-10-22,70.17
2020-10-21,69.04
2020-10-20,69.42
2020-10-19,68.95
2020-10-16,69.72
2020-10-15,70.12
2020-10-14,69.23
2020-10-13,69.63
2020-10-12,70.42
2020-10-09,69.95
2020-10-08,69.58
2020-10-07,68.55
2020-10-06,67.58
2020-10-05,67.6
2020-10-02,66.12
2020-10-01,65.49
2020-09-30,64.57
2020-09-29,64.39
2020-09-28,64.75
2020-09-25,62.96
2020-09-24,62.31
2020-09-23,62.06
2020-09-22,63.77
2020-09-21,63.39
2020-09-18,65.67
2020-09-17,66.05
2020-09-16,66.58
2020-09-15,66.13
2020-09-14,66.11
2020-09-11,64.99
2020-09-10,65.44
2020-09-09,66.32
2020-09-08,65.58
2020-09-04,67.21
2020-09-03,67.57
2020-09-02,69.29
2020-09-01,68.5
2020-08-31,67.73
2020-08-28,68.74
2020-08-27,68.22
2020-08-26,67.98
2020-08-25,68.56
2020-08-24,68.61
2020-08-21,67.4
2020-08-20,67.84
2020-08-19,68.38
2020-08-18,68.39
2020-08-17,69.23
2020-08-14,69.12
2020-08-13,69.14
2020-08-12,69.55
2020-08-11,69.31
2020-08-10,69.38
2020-08-07,68.7
2020-08-06,67.47
2020-08-05,67.84
2020-08-04,66.32
2020-08-03,65.94
2020-07-31,65.2
2020-07-30,65.62
2020-07-29,66.03
2020-07-28,64.4
2020-07-27,64.85
2020-07-24,64.12
2020-07-23,65.23
2020-07-22,64.78
2020-07-21,64.72
2020-07-20,63.31
2020-07-17,63.82
2020-07-16,63.81
2020-07-15,64.26
2020-07-14,61.88
2020-07-13,60.89
2020-07-10,61.48
2020-07-09,60.14
2020-07-08,61.55
2020-07-07,61.3
2020-07-06,62.56
2020-07-02,61.98
2020-07-01,61.63
2020-06-30,62.53
2020-06-29,61.7
2020-06-26,59.18
2020-06-25,61.01
2020-06-24,60.07
2020-06-23,62.23
2020-06-22,62.04
2020-06-19,61.5
2020-06-18,62.31
2020-06-17,62.56
2020-06-16,63.95
2020-06-15,62.37
2020-06-12,61.02
2020-06-11,59.51
2020-06-10,64.81
2020-06-09,67.25
2020-06-08,68.93
2020-06-05,67.5
2020-06-04,64.67
2020-06-03,63.81
2020-06-02,61.7
2020-06-01,61.01
2020-05-29,60.34
2020-05-28,61.07
2020-05-27,62.93
2020-05-26,60.57
2020-05-22,58.17
2020-05-21,57.94
2020-05-20,57.88
2020-05-19,56.13
2020-05-18,57.3
2020-05-15,53.48
2020-05-14,52.77
2020-05-13,52.57
2020-05-12,54.67
2020-05-11,56.78
2020-05-08,57.83
2020-05-07,55.48
2020-05-06,54.71
2020-05-05,55.36
2020-05-04,55.22
2020-05-01,55.42
2020-04-30,57.8
2020-04-29,60.28
2020-04-28,57.1
2020-04-27,55.85
2020-04-24,53.57
2020-04-23,52.93
2020-04-22,52.27
2020-04-21,51.9
2020-04-20,53.04
2020-04-17,54.12
2020-04-16,51.77
2020-04-15,52.19
2020-04-14,54.7
2020-04-13,53.76
2020-04-09,55.67
2020-04-08,52.93
2020-04-07,50.62
2020-04-06,50.32
2020-04-03,46.52
2020-04-02,48.28
2020-04-01,47.62
2020-03-31,51.19
2020-03-30,51.32
2020-03-27,50.14
2020-03-26,52.25
2020-03-25,48.89
2020-03-24,48.47
2020-03-23,44.59
2020-03-20,45.2
2020-03-19,46.96
2020-03-18,45.4
2020-03-17,50.04
2020-03-16,47.65
2020-03-13,54.01
2020-03-12,50.16
2020-03-11,56.58
2020-03-10,60.19
2020-03-09,58.45
2020-03-06,64.79
2020-03-05,65.97
2020-03-04,68.41
2020-03-03,66.36
2020-03-02,67.79
2020-02-28,66.1
2020-02-27,67.2
2020-02-26,69.79
2020-02-25,70.69
2020-02-24,73.16
2020-02-21,75.39
2020-02-20,76.27
2020-02-19,75.87
2020-02-18,75.58
2020-02-14,75.99
2020-02-13,76.39
2020-02-12,76.14
2020-02-11,75.63
2020-02-10,75.01
2020-02-07,74.77
2020-02-06,75.91
2020-02-05,76.12
2020-02-04,74.7
2020-02-03,73.77
2020-01-31,73.08
2020-01-30,74.86
2020-01-29,74.94
2020-01-28,75.46
2020-01-27,74.92
2020-01-24,75.76
2020-01-23,76.96
2020-01-22,76.79
2020-01-21,76.79
2020-01-17,77.52
2020-01-16,77.66
2020-01-15,76.67
2020-01-14,76.34
2020-01-13,76.06
2020-01-10,75.43
2020-01-09,75.79
2020-01-08,75.8
2020-01-07,75.64
2020-01-06,76.08
2020-01-03,76.15
2020-01-02,76.2
2019-12-31,76.14
2019-12-30,75.91
2019-12-27,75.96
2019-12-26,76.3
2019-12-24,76.4
2019-12-23,76.2
2019-12-20,76.07
2019-12-19,76.19
2019-12-18,75.95
2019-12-17,75.69
2019-12-16,75.04
2019-12-13,74.73
2019-12-12,75.21
2019-12-11,74.41
2019-12-10,74.43
2019-12-09,74.44
2019-12-06,74.64
2019-12-05,73.61
2019-12-04,73.37
2019-12-03,72.8
2019-12-02,73.1
2019-11-29,73.92
2019-11-27,74.4
2019-11-26,74.06
2019-11-25,74.13
2019-11-22,72.32
2019-11-21,72.15
2019-11-20,72.54
2019-11-19,72.93
2019-11-18,72.79
2019-11-15,73.11
2019-11-14,72.73
2019-11-13,72.87
2019-11-12,73.29
2019-11-11,73.31
2019-11-08,73.53
2019-11-07,73.42
2019-11-06,73.25
2019-11-05,73.58
2019-11-04,73.47
2019-11-01,72.87
2019-10-31,71.76
2019-10-30,72.47
2019-10-29,72.86
2019-10-28,72.57
2019-10-25,71.9
2019-10-24,71.48
2019-10-23,71.61
2019-10-22,71.43
2019-10-21,71.23
2019-10-18,70.55
2019-10-17,70.99
2019-10-16,70.2
2019-10-15,70.02
2019-10-14,69.26
2019-10-11,69.44
2019-10-10,68.19
2019-10-09,68.03
2019-10-08,67.81
2019-10-07,68.98
2019-10-04,69.03
2019-10-03,68.36
2019-10-02,68.26
2019-10-01,68.95
2019-09-30,70.33
2019-09-27,70.29
2019-09-26,70.71
2019-09-25,71.45
2019-09-24,70.51
2019-09-23,71.41
2019-09-20,71.36
2019-09-19,71.6
2019-09-18,72.07
2019-09-17,72.47
2019-09-16,72.63
2019-09-13,72.38
2019-09-12,72.27
2019-09-11,72.27
2019-09-10,70.85
2019-09-09,69.98
2019-09-06,68.93
2019-09-05,69.12
2019-09-04,67.79
2019-09-03,67.11
2019-08-30,68.04
2019-08-29,68.18
2019-08-28,67.06
2019-08-27,66.27
2019-08-26,67.12
2019-08-23,66.5
2019-08-22,68.59
2019-08-21,68.78
2019-08-20,68.23
2019-08-19,68.8
2019-08-16,68.1
2019-08-15,66.61
2019-08-14,66.87
2019-08-13,68.89
2019-08-12,68.18
2019-08-09,68.95
2019-08-08,69.82
2019-08-07,68.34
2019-08-06,68.23
2019-08-05,67.52
2019-08-02,69.4
2019-08-01,70.22
2019-07-31,71.31
2019-07-30,71.65
2019-07-29,70.89
2019-07-26,71.25
2019-07-25,70.53
2019-07-24,71.3
2019-07-23,70.12
2019-07-22,69.48
2019-07-19,69.58
2019-07-18,69.76
2019-07-17,69.62
2019-07-16,70.14
2019-07-15,70.07
2019-07-12,70.52
2019-07-11,69.91
2019-07-10,70.24
2019-07-09,70.05
2019-07-08,70.14
2019-07-05,70.89
2019-07-03,70.61
2019-07-02,70.21
2019-07-01,70.62
2019-06-28,70.48
2019-06-27,69.55
2019-06-26,68.22
2019-06-25,68.14
2019-06-24,68.49
2019-06-21,69.27
2019-06-20,69.84
2019-06-19,69.37
2019-06-18,69.2
2019-06-17,68.31
2019-06-14,68.24
2019-06-13,68.91
2019-06-12,68.12
2019-06-11,68.26
2019-06-10,68.41
2019-06-07,67.93
2019-06-06,67.49
2019-06-05,67.64
2019-06-04,67.79
2019-06-03,66
2019-05-31,65.66
2019-05-30,66.55
2019-05-29,66.73
2019-05-28,67.28
2019-05-24,67.73
2019-05-23,67.06
2019-05-22,68.69
2019-05-21,69.37
2019-05-20,68.46
2019-05-17,68.94
2019-05-16,70.08
2019-05-15,69.81
2019-05-14,69.69
2019-05-13,68.95
2019-05-10,71.18
2019-05-09,70.94
2019-05-08,71.1
2019-05-07,71.68
2019-05-06,73.02
2019-05-03,72.89
2019-05-02,71.48
2019-05-01,71.26
2019-04-30,71.9
2019-04-29,72.08
2019-04-26,71.73
2019-04-25,71.1
2019-04-24,71.84
2019-04-23,71.62
2019-04-22,70.57
2019-04-18,70.94
2019-04-17,71.19
2019-04-16,71.52
2019-04-15,71.23
2019-04-12,71.51
2019-04-11,71.18
2019-04-10,71.33
2019-04-09,70.26
2019-04-08,71.15
2019-04-05,71.2
2019-04-04,70.58
2019-04-03,70.03
2019-04-02,69.69
2019-04-01,70.08
2019-03-29,69.23
2019-03-28,69.18
2019-03-27,68.54
2019-03-26,68.56
2019-03-25,67.92
2019-03-22,67.6
2019-03-21,70.15
2019-03-20,69.25
2019-03-19,69.77
2019-03-18,70.28
2019-03-15,69.73
2019-03-14,69.71
2019-03-13,70.01
2019-03-12,69.74
2019-03-11,69.85
2019-03-08,68.75
2019-03-07,68.82
2019-03-06,69.54
2019-03-05,70.94
2019-03-04,71.23
2019-03-01,71.98
2019-02-28,71.56
2019-02-27,71.84
2019-02-26,71.73
2019-02-25,72.43
2019-02-22,72.59
2019-02-21,72.26
2019-02-20,72.6
2019-02-19,72.09
2019-02-15,71.7
2019-02-14,70.64
2019-02-13,70.48
2019-02-12,70.21
2019-02-11,69.27
2019-02-08,68.7
2019-02-07,68.74
2019-02-06,69.36
2019-02-05,69.45
2019-02-04,69.4
2019-02-01,68.52
2019-01-31,68.59
2019-01-30,68.03
2019-01-29,67.33
2019-01-28,67.34
2019-01-25,67.75
2019-01-24,67.02
2019-01-23,66.65
2019-01-22,66.76
2019-01-18,67.89
2019-01-17,67.21
2019-01-16,66.57
2019-01-15,66.06
2019-01-14,65.61
2019-01-11,66.17
2019-01-10,66.04
2019-01-09,65.81
2019-01-08,65.14
2019-01-07,64.17
2019-01-04,63.33
2019-01-03,61.12
2019-01-02,62.28
2018-12-31,62
2018-12-28,61.62
2018-12-27,61.33
2018-12-26,60.97
2018-12-24,58.26
2018-12-21,59.36
2018-12-20,60.76
2018-12-19,61.63
2018-12-18,63.01
2018-12-17,62.93
2018-12-14,64.44
2018-12-13,65.45
2018-12-12,66.47
2018-12-11,65.82
2018-12-10,65.88
2018-12-07,66.31
2018-12-06,67.59
2018-12-04,67.83
2018-12-03,71.03
2018-11-30,70.61
2018-11-29,70.07
2018-11-28,70.42
2018-11-27,68.75
2018-11-26,69.26
2018-11-23,68.63
2018-11-21,68.64
2018-11-20,67.94
2018-11-19,69.27
2018-11-16,70.44
2018-11-15,70.21
2018-11-14,69.29
2018-11-13,69.76
2018-11-12,69.91
2018-11-09,71.2
2018-11-08,72.46
2018-11-07,72.61
2018-11-06,71.73
2018-11-05,71.33
2018-11-02,71.26
2018-11-01,70.84
2018-10-31,69.49
2018-10-30,69.55
2018-10-29,67.98
2018-10-26,68.18
2018-10-25,68.83
2018-10-24,67.36
2018-10-23,69.81
2018-10-22,70.37
2018-10-19,70.43
2018-10-18,71.12
2018-10-17,72.5
2018-10-16,72.87
2018-10-15,70.94
2018-10-12,70.61
2018-10-11,70.73
2018-10-10,72.3
2018-10-09,74.33
2018-10-08,74.56
2018-10-05,74.62
2018-10-04,75.46
2018-10-03,76.37
2018-10-02,75.7
2018-10-01,76.52
2018-09-28,77.68
2018-09-27,77.37
2018-09-26,77.35
2018-09-25,78.01
2018-09-24,77.96
2018-09-21,78.49
2018-09-20,78.92
2018-09-19,78.25
2018-09-18,78.74
2018-09-17,78.52
2018-09-14,79.4
2018-09-13,78.83
2018-09-12,78.82
2018-09-11,79.07
2018-09-10,79.05
2018-09-07,78.96
2018-09-06,79.14
2018-09-05,79.73
2018-09-04,79.81
2018-08-31,80.15
2018-08-30,79.69
2018-08-29,79.89
2018-08-28,79.72
2018-08-27,79.72
2018-08-24,79.67
2018-08-23,79.38
2018-08-22,79.62
2018-08-21,79.46
2018-08-20,78.53
2018-08-17,78.27
2018-08-16,77.78
2018-08-15,77.15
2018-08-14,78.05
2018-08-13,77.06
2018-08-10,77.4
2018-08-09,77.56
2018-08-08,77.48
2018-08-07,77.52
2018-08-06,77.37
2018-08-03,76.86
2018-08-02,77.11
2018-08-01,76.44
2018-07-31,76.46
2018-07-30,75.58
2018-07-27,75.92
2018-07-26,77.24
2018-07-25,76.43
2018-07-24,76.27
2018-07-23,76.99
2018-07-20,76.96
2018-07-19,77.24
2018-07-18,76.65
2018-07-17,76.34
2018-07-16,75.92
2018-07-13,76.19
2018-07-12,76.26
2018-07-11,76.08
2018-07-10,76.72
2018-07-09,77.08
2018-07-06,76.52
2018-07-05,75.94
2018-07-03,75.03
2018-07-02,74.84
2018-06-29,74.07
2018-06-28,74.31
2018-06-27,74.11
2018-06-26,75.17
2018-06-25,74.71
2018-06-22,75.89
2018-06-21,75.9
2018-06-20,76.66
2018-06-19,76.07
2018-06-18,76.14
2018-06-15,75.7
2018-06-14,75.67
2018-06-13,75.42
2018-06-12,75.87
2018-06-11,75.79
2018-06-08,75.58
2018-06-07,75.39
2018-06-06,75.67
2018-06-05,75.2
2018-06-04,74.66
2018-06-01,73.81
2018-05-31,73.3
2018-05-30,74.08
2018-05-29,73.05
2018-05-25,73.01
2018-05-24,73.12
2018-05-23,73.1
2018-05-22,73.03
2018-05-21,73.63
2018-05-18,72.96
2018-05-17,72.81
2018-05-16,72.36
2018-05-15,71.51
2018-05-14,71.48
2018-05-11,71.79
2018-05-10,71.67
2018-05-09,71.29
2018-05-08,70.9
2018-05-07,70.29
2018-05-04,69.75
2018-05-03,68.9
2018-05-02,69.33
2018-05-01,69.16
2018-04-30,68.86
2018-04-27,69.48
2018-04-26,69.71
2018-04-25,69.49
2018-04-24,69.6
2018-04-23,69.93
2018-04-20,69.96
2018-04-19,70.37
2018-04-18,70.93
2018-04-17,70.67
2018-04-16,70.01
2018-04-13,69.24
2018-04-12,69.49
2018-04-11,69.14
2018-04-10,69.03
2018-04-09,67.75
2018-04-06,67.92
2018-04-05,69.17
2018-04-04,68.44
2018-04-03,67.59
2018-04-02,66.59
2018-03-29,68.14
2018-03-28,67.51
2018-03-27,67.42
2018-03-26,68.58
2018-03-23,67.06
2018-03-22,68.54
2018-03-21,69.98
2018-03-20,69.69
2018-03-19,69.7
2018-03-16,70.32
2018-03-15,69.8
2018-03-14,70.11
2018-03-13,70.44
2018-03-12,70.67
2018-03-09,70.41
2018-03-08,69.35
2018-03-07,69.46
2018-03-06,68.95
2018-03-05,68.13
2018-03-02,67.64
2018-03-01,66.54
2018-02-28,66.82
2018-02-27,68.06
2018-02-26,69.07
2018-02-23,68.6
2018-02-22,67.73
2018-02-21,67.78
2018-02-20,67.63
2018-02-16,68.22
2018-02-15,67.98
2018-02-14,67.3
2018-02-13,66.09
2018-02-12,66.04
2018-02-09,65.41
2018-02-08,64.71
2018-02-07,66.54
2018-02-06,66.5
2018-02-05,65.68
2018-02-02,68.37
2018-02-01,69.76
2018-01-31,69.46
2018-01-30,69.84
2018-01-29,70.5
2018-01-26,70.89
2018-01-25,70.66
2018-01-24,70.46
2018-01-23,70.88
2018-01-22,70.81
2018-01-19,70.63
2018-01-18,69.61
2018-01-17,70.19
2018-01-16,69.49
2018-01-12,70.19
2018-01-11,69.87
2018-01-10,68.61
2018-01-09,68.72
2018-01-08,68.79
2018-01-05,68.69
2018-01-04,68.4
2018-01-03,68.21
2018-01-02,68.27
2017-12-29,67.76
2017-12-28,68.24
2017-12-27,67.96
2017-12-26,68.04
2017-12-22,67.98
2017-12-21,68.16
2017-12-20,67.89
2017-12-19,67.74
2017-12-18,68.35
2017-12-15,67.37
2017-12-14,66.26
2017-12-13,67.03
2017-12-12,66.7
2017-12-11,66.85
2017-12-08,67.04
2017-12-07,67.08
2017-12-06,66.75
2017-12-05,67.04
2017-12-04,67.75
2017-12-01,67.72
2017-11-30,68.12
2017-11-29,68.14
2017-11-28,67.72
2017-11-27,66.59
2017-11-24,66.92
2017-11-22,66.87
2017-11-21,67.01
2017-11-20,66.12
2017-11-17,65.61
2017-11-16,65.33
2017-11-15,64.23
2017-11-14,64.59
2017-11-13,64.6
2017-11-10,64.49
2017-11-09,64.44
2017-11-08,64.73
2017-11-07,64.44
2017-11-06,65.15
2017-11-03,65.01
2017-11-02,65.43
2017-11-01,65.35
2017-10-31,65.82
2017-10-30,65.17
2017-10-27,66.1
2017-10-26,65.75
2017-10-25,65.44
2017-10-24,65.78
2017-10-23,65.6
2017-10-20,65.92
2017-10-19,65.61
2017-10-18,65.75
2017-10-17,65.32
2017-10-16,65.47
2017-10-13,65.58
2017-10-12,65.61
2017-10-11,65.68
2017-10-10,65.88
2017-10-09,65.72
2017-10-06,66.03
2017-10-05,66.14
2017-10-04,66
2017-10-03,66.29
2017-10-02,66.14
2017-09-29,65.25
2017-09-28,65.05
2017-09-27,64.88
2017-09-26,63.57
2017-09-25,63.25
2017-09-22,63.06
2017-09-21,62.66
2017-09-20,62.62
2017-09-19,62.39
2017-09-18,62.53
2017-09-15,62.03
2017-09-14,61.7
2017-09-13,61.73
2017-09-12,61.53
2017-09-11,61.08
2017-09-08,60.43
2017-09-07,60.34
2017-09-06,60.52
2017-09-05,60.33
2017-09-01,60.97
2017-08-31,60.54
2017-08-30,59.95
2017-08-29,59.62
2017-08-28,59.63
2017-08-25,59.57
2017-08-24,59.28
2017-08-23,59.2
2017-08-22,59.36
2017-08-21,58.79
2017-08-18,58.87
2017-08-17,58.98
2017-08-16,60.14
2017-08-15,60.06
2017-08-14,60.66
2017-08-11,59.77
2017-08-10,59.79
2017-08-09,60.73
2017-08-08,61.25
2017-08-07,61.41
2017-08-04,61.47
2017-08-03,61.23
2017-08-02,61.44
2017-08-01,62.24
2017-07-31,62.06
2017-07-28,62.23
2017-07-27,62.32
2017-07-26,62.61
2017-07-25,63.04
2017-07-24,62.46
2017-07-21,62.45
2017-07-20,62.75
2017-07-19,62.67
2017-07-18,61.96
2017-07-17,62.15
2017-07-14,61.99
2017-07-13,61.83
2017-07-12,61.68
2017-07-11,61.22
2017-07-10,61.08
2017-07-07,61.45
2017-07-06,60.81
2017-07-05,61.66
2017-07-03,62.03
2017-06-30,61.45
2017-06-29,61.48
2017-06-28,61.87
2017-06-27,60.89
2017-06-26,61.35
2017-06-23,61.23
2017-06-22,60.72
2017-06-21,60.5
2017-06-20,60.78
2017-06-19,61.51
2017-06-16,61.23
2017-06-15,61.56
2017-06-14,61.86
2017-06-13,62.25
2017-06-12,61.95
2017-06-09,62.08
2017-06-08,61.57
2017-06-07,60.75
2017-06-06,60.66
2017-06-05,60.74
2017-06-02,61.14
2017-06-01,60.75
2017-05-31,59.71
2017-05-30,59.76
2017-05-26,60.1
2017-05-25,60.1
2017-05-24,60.03
2017-05-23,60.05
2017-05-22,59.85
2017-05-19,59.38
2017-05-18,59.11
2017-05-17,59.02
2017-05-16,60.54
2017-05-15,60.54
2017-05-12,60.16
2017-05-11,60.64
2017-05-10,61.09
2017-05-09,60.76
2017-05-08,60.68
2017-05-05,60.9
2017-05-04,60.63
2017-05-03,60.68
2017-05-02,61.06
2017-05-01,61.31
2017-04-28,60.99
2017-04-27,61.81
2017-04-26,61.87
2017-04-25,61.47
2017-04-24,60.93
2017-04-21,60.17
2017-04-20,60.33
2017-04-19,59.51
2017-04-18,59.18
2017-04-17,59.13
2017-04-13,58.46
2017-04-12,59.15
2017-04-11,60.03
2017-04-10,59.47
2017-04-07,59.28
2017-04-06,59.29
2017-04-05,58.72
2017-04-04,59.37
2017-04-03,59.33
2017-03-31,60.44
2017-03-30,60.32
2017-03-29,59.82
2017-03-28,59.66
2017-03-27,59.19
2017-03-24,59.13
2017-03-23,59.13
2017-03-22,58.76
2017-03-21,58.85
2017-03-20,60.46
2017-03-17,60.79
2017-03-16,60.45
2017-03-15,60.33
2017-03-14,59.39
2017-03-13,59.67
2017-03-10,59.49
2017-03-09,59.19
2017-03-08,59.53
2017-03-07,59.92
2017-03-06,60.35
2017-03-03,60.77
2017-03-02,60.94
2017-03-01,61.61
2017-02-28,60.5
2017-02-27,61.48
2017-02-24,61
2017-02-23,61.02
2017-02-22,61.46
2017-02-21,61.67
2017-02-17,61.14
2017-02-16,61.23
2017-02-15,61.35
2017-02-14,61
2017-02-13,60.86
2017-02-10,60.72
2017-02-09,60.23
2017-02-08,59.28
2017-02-07,59.38
2017-02-06,59.58
2017-02-03,60.13
2017-02-02,59.18
2017-02-01,59.48
2017-01-31,59.54
2017-01-30,59.14
2017-01-27,59.95
2017-01-26,60.2
2017-01-25,60.52
2017-01-24,59.85
2017-01-23,58.99
2017-01-20,59.19
2017-01-19,58.9
2017-01-18,59.47
2017-01-17,59.24
2017-01-13,60.02
2017-01-12,59.58
2017-01-11,60.22
2017-01-10,60.03
2017-01-09,59.49
2017-01-06,60.01
2017-01-05,60.35
2017-01-04,61.23
2017-01-03,60.22
2016-12-30,59.89
2016-12-29,60.12
2016-12-28,59.99
2016-12-27,60.7
2016-12-23,60.34
2016-12-22,60.07
2016-12-21,60.67
2016-12-20,61.01
2016-12-19,60.4
2016-12-16,60.06
2016-12-15,60.42
2016-12-14,59.86
2016-12-13,60.62
2016-12-12,60.55
2016-12-09,61.16
2016-12-08,61.04
2016-12-07,60.04
2016-12-06,59.42
2016-12-05,58.76
2016-12-02,57.76
2016-12-01,57.75
2016-11-30,57.93
2016-11-29,58.14
2016-11-28,58.15
2016-11-25,58.86
2016-11-23,58.61
2016-11-22,58.25
2016-11-21,57.51
2016-11-18,57.28
2016-11-17,57.01
2016-11-16,56.74
2016-11-15,56.72
2016-11-14,56.56
2016-11-11,55.71
2016-11-10,54.34
2016-11-09,53.33
2016-11-08,51.73
2016-11-07,51.61
2016-11-04,50.38
2016-11-03,50.14
2016-11-02,50.28
2016-11-01,50.78
2016-10-31,51.48
2016-10-28,51.19
2016-10-27,51.29
2016-10-26,51.82
2016-10-25,52.21
2016-10-24,52.7
2016-10-21,52.25
2016-10-20,52.4
2016-10-19,52.73
2016-10-18,52.52
2016-10-17,52.35
2016-10-14,52.44
2016-10-13,52.58
2016-10-12,53.11
2016-10-11,53.02
2016-10-10,53.91
2016-10-07,53.31
2016-10-06,53.75
2016-10-05,53.81
2016-10-04,53.5
2016-10-03,53.72
2016-09-30,53.86
2016-09-29,53.29
2016-09-28,53.96
2016-09-27,53.48
2016-09-26,53.4
2016-09-23,54.02
2016-09-22,54.38
2016-09-21,53.61
2016-09-20,52.79
2016-09-19,53
2016-09-16,52.66
2016-09-15,52.75
2016-09-14,52.13
2016-09-13,52.29
2016-09-12,53.2
2016-09-09,52.61
2016-09-08,54.19
2016-09-07,54.4
2016-09-06,54.07
2016-09-02,54.19
2016-09-01,53.55
2016-08-31,53.52
2016-08-30,53.79
2016-08-29,53.75
2016-08-26,53.43
2016-08-25,53.6
2016-08-24,53.45
2016-08-23,53.71
2016-08-22,53.35
2016-08-19,53.2
2016-08-18,53.22
2016-08-17,52.84
2016-08-16,53.01
2016-08-15,53.39
2016-08-12,52.88
2016-08-11,52.94
2016-08-10,52.69
2016-08-09,52.99
2016-08-08,52.97
2016-08-05,53.04
2016-08-04,52.32
2016-08-03,52.31
2016-08-02,52.04
2016-08-01,52.82
2016-07-29,52.78
2016-07-28,52.71
2016-07-27,52.92
2016-07-26,52.78
2016-07-25,52.48
2016-07-22,52.68
2016-07-21,52.3
2016-07-20,52.63
2016-07-19,52.3
2016-07-18,52.62
2016-07-15,52.6
2016-07-14,52.46
2016-07-13,52.45
2016-07-12,52.55
2016-07-11,51.85
2016-07-08,51.27
2016-07-07,50.06
2016-07-06,49.99
2016-07-05,49.66
2016-07-01,50.34
2016-06-30,50.27
2016-06-29,49.19
2016-06-28,48.2
2016-06-27,47.57
2016-06-24,49.08
2016-06-23,51.04
2016-06-22,50.02
2016-06-21,50.25
2016-06-20,50.33
2016-06-17,49.72
2016-06-16,49.85
2016-06-15,49.89
2016-06-14,49.89
2016-06-13,49.97
2016-06-10,50.54
2016-06-09,51.2
2016-06-08,51.47
2016-06-07,51.01
2016-06-06,50.84
2016-06-03,50.27
2016-06-02,50.55
2016-06-01,50.28
2016-05-31,49.92
2016-05-27,49.82
2016-05-26,49.38
2016-05-25,49.41
2016-05-24,49.15
2016-05-23,48.1
2016-05-20,48.25
2016-05-19,47.5
2016-05-18,47.87
2016-05-17,47.63
2016-05-16,48.46
2016-05-13,47.92
2016-05-12,48.31
2016-05-11,48.47
2016-05-10,49.09
2016-05-09,48.66
2016-05-06,48.67
2016-05-05,48.29
2016-05-04,48.58
2016-05-03,48.82
2016-05-02,49.57
2016-04-29,49.13
2016-04-28,49.41
2016-04-27,50.13
2016-04-26,49.89
2016-04-25,49.25
2016-04-22,49.67
2016-04-21,49.15
2016-04-20,49.54
2016-04-19,49.52
2016-04-18,49.34
2016-04-15,49
2016-04-14,48.88
2016-04-13,49
2016-04-12,47.96
2016-04-11,47.46
2016-04-08,47.58
2016-04-07,47.31
2016-04-06,47.97
2016-04-05,47.56
2016-04-04,48.14
2016-04-01,48.67
2016-03-31,48.55
2016-03-30,48.5
2016-03-29,48.45
2016-03-28,47.13
2016-03-24,47.08
2016-03-23,46.94
2016-03-22,47.68
2016-03-21,47.82
2016-03-18,47.97
2016-03-17,47.51
2016-03-16,46.7
2016-03-15,46.43
2016-03-14,47.02
2016-03-11,47.25
2016-03-10,46.29
2016-03-09,46.62
2016-03-08,46.37
2016-03-07,47.42
2016-03-04,46.88
2016-03-03,46.62
2016-03-02,46.12
2016-03-01,45.72
2016-02-29,44.88
2016-02-26,45.02
2016-02-25,44.82
2016-02-24,44.41
2016-02-23,43.99
2016-02-22,44.26
2016-02-19,43.75
2016-02-18,43.57
2016-02-17,43.65
2016-02-16,43.13
2016-02-12,42.19
2016-02-11,41.48
2016-02-10,41.96
2016-02-09,42.09
2016-02-08,42.3
2016-02-05,42.71
2016-02-04,43.7
2016-02-03,43.48
2016-02-02,43.37
2016-02-01,44.24
2016-01-29,44.39
2016-01-28,43.03
2016-01-27,42.92
2016-01-26,43.53
2016-01-25,42.52
2016-01-22,43.32
2016-01-21,42.41
2016-01-20,42.5
2016-01-19,42.41
2016-01-15,42.89
2016-01-14,43.4
2016-01-13,42.82
2016-01-12,44.02
2016-01-11,43.9
2016-01-08,43.9
2016-01-07,44.64
2016-01-06,45.82
2016-01-05,46.35
2016-01-04,46.2
2015-12-31,47.31
2015-12-30,47.94
2015-12-29,48.42
2015-12-28,47.93
2015-12-24,48.12
2015-12-23,47.98
2015-12-22,47.44
2015-12-21,46.99
2015-12-18,46.61
2015-12-17,47.39
2015-12-16,47.93
2015-12-15,47.28
2015-12-14,46.63
2015-12-11,46.89
2015-12-10,47.79
2015-12-09,47.67
2015-12-08,48.23
2015-12-07,48.55
2015-12-04,49.29
2015-12-03,48.8
2015-12-02,49.57
2015-12-01,50.03
2015-11-30,49.66
2015-11-27,49.87
2015-11-25,49.73
2015-11-24,49.4
2015-11-23,49.06
2015-11-20,48.9
2015-11-19,48.52
2015-11-18,48.65
2015-11-17,47.94
2015-11-16,48.06
2015-11-13,47.52
2015-11-12,47.85
2015-11-11,48.73
2015-11-10,49.15
2015-11-09,49.04
2015-11-06,49.77
2015-11-05,49.5
2015-11-04,49.41
2015-11-03,49.52
2015-11-02,49.27
2015-10-30,48.35
2015-10-29,48.58
2015-10-28,49.02
2015-10-27,47.74
2015-10-26,48.28
2015-10-23,48.5
2015-10-22,48.02
2015-10-21,47.59
2015-10-20,48.33
2015-10-19,48.24
2015-10-16,48.13
2015-10-15,48.13
2015-10-14,47.23
2015-10-13,47.73
2015-10-12,48.35
2015-10-09,48.29
2015-10-08,48.23
2015-10-07,47.7
2015-10-06,46.93
2015-10-05,47.15
2015-10-02,45.92
2015-10-01,45.41
2015-09-30,45.58
2015-09-29,45.02
2015-09-28,45.22
2015-09-25,46.47
2015-09-24,46.52
2015-09-23,46.57
2015-09-22,46.62
2015-09-21,47.27
2015-09-18,47.08
2015-09-17,47.88
2015-09-16,47.84
2015-09-15,47.34
2015-09-14,46.83
2015-09-11,47.01
2015-09-10,46.84
2015-09-09,46.81
2015-09-08,47.25
2015-09-04,46.29
2015-09-03,46.68
2015-09-02,46.6
2015-09-01,45.97
2015-08-31,47.25
2015-08-28,47.28
2015-08-27,46.93
2015-08-26,46.19
2015-08-25,45.06
2015-08-24,45.57
2015-08-21,47.42
2015-08-20,48.03
2015-08-19,49.08
2015-08-18,49.56
2015-08-17,49.85
2015-08-14,49.49
2015-08-13,49.05
2015-08-12,49.13
2015-08-11,49.29
2015-08-10,49.63
2015-08-07,49.09
2015-08-06,49.34
2015-08-05,49.76
2015-08-04,49.56
2015-08-03,49.57
2015-07-31,49.84
2015-07-30,49.59
2015-07-29,49.39
2015-07-28,49.12
2015-07-27,48.75
2015-07-24,49.06
2015-07-23,49.71
2015-07-22,50.33
2015-07-21,50.2
2015-07-20,50.34
2015-07-17,50.59
2015-07-16,50.89
2015-07-15,50.56
2015-07-14,50.91
2015-07-13,50.69
2015-07-10,50.28
2015-07-09,49.61
2015-07-08,49.5
2015-07-07,50.16
2015-07-06,50.09
2015-07-02,50.17
2015-07-01,50.5
2015-06-30,50.26
2015-06-29,50.17
2015-06-26,51.36
2015-06-25,51.44
2015-06-24,51.5
2015-06-23,51.85
2015-06-22,51.72
2015-06-19,51.43
2015-06-18,51.43
2015-06-17,50.84
2015-06-16,50.97
2015-06-15,50.6
2015-06-12,50.72
2015-06-11,50.82
2015-06-10,50.78
2015-06-09,50.07
2015-06-08,50.2
2015-06-05,50.43
2015-06-04,50.12
2015-06-03,50.58
2015-06-02,50.07
2015-06-01,49.93
2015-05-29,49.73
2015-05-28,50.13
2015-05-27,50.1
2015-05-26,49.54
2015-05-22,50.12
2015-05-21,50.36
2015-05-20,50.39
2015-05-19,50.35
2015-05-18,50.38
2015-05-15,49.9
2015-05-14,49.97
2015-05-13,49.41
2015-05-12,49.44
2015-05-11,49.57
2015-05-08,49.54
2015-05-07,49.23
2015-05-06,49.02
2015-05-05,48.92
2015-05-04,49.44
2015-05-01,49.31
2015-04-30,49.02
2015-04-29,49.95
2015-04-28,50.51
2015-04-27,50.18
2015-04-24,50.55
2015-04-23,50.65
2015-04-22,50.34
2015-04-21,50.24
2015-04-20,50.38
2015-04-17,49.82
2015-04-16,50.62
2015-04-15,50.75
2015-04-14,50.39
2015-04-13,50.39
2015-04-10,50.4
2015-04-09,50.17
2015-04-08,50.38
2015-04-07,50.06
2015-04-06,50.41
2015-04-02,50.26
2015-04-01,50.1
2015-03-31,50.17
2015-03-30,50.37
2015-03-27,49.76
2015-03-26,49.51
2015-03-25,49.67
2015-03-24,50.72
2015-03-23,50.69
2015-03-20,50.62
2015-03-19,50.09
2015-03-18,50
2015-03-17,49.54
2015-03-16,49.44
2015-03-13,49.27
2015-03-12,49.44
2015-03-11,48.6
2015-03-10,48.29
2015-03-09,48.86
2015-03-06,48.54
2015-03-05,49.22
2015-03-04,49.16
2015-03-03,49.46
2015-03-02,49.75
2015-02-27,49.38
2015-02-26,49.63
2015-02-25,49.47
2015-02-24,49.48
2015-02-23,49.36
2015-02-20,49.28
2015-02-19,49.2
2015-02-18,49.25
2015-02-17,49.13
2015-02-13,49.08
2015-02-12,48.81
2015-02-11,48.22
2015-02-10,48.26
2015-02-09,48.02
2015-02-06,48.47
2015-02-05,48.5
2015-02-04,47.88
2015-02-03,47.98
2015-02-02,47.14
2015-01-30,46.58
2015-01-29,47.57
2015-01-28,47.01
2015-01-27,47.72
2015-01-26,47.97
2015-01-23,47.55
2015-01-22,47.68
2015-01-21,46.71
2015-01-20,46.79
2015-01-16,47.09
2015-01-15,46.34
2015-01-14,47.08
2015-01-13,47.31
2015-01-12,47.12
2015-01-09,47.28
2015-01-08,47.74
2015-01-07,46.92
2015-01-06,46.44
2015-01-05,47.23
2015-01-02,47.96
2014-12-31,48.31
2014-12-30,48.61
2014-12-29,48.84
2014-12-26,48.59
2014-12-24,48.29
2014-12-23,48.18
2014-12-22,47.94
2014-12-19,47.54
2014-12-18,47.56
2014-12-17,46.87
2014-12-16,45.63
2014-12-15,45.71
2014-12-12,46.09
2014-12-11,46.69
2014-12-10,46.55
2014-12-09,47.61
2014-12-08,46.81
2014-12-05,47.37
2014-12-04,47.07
2014-12-03,47.29
2014-12-02,46.81
2014-12-01,46.32
2014-11-28,46.96
2014-11-26,47.64
2014-11-25,47.5
2014-11-24,47.5
2014-11-21,46.96
2014-11-20,46.97
2014-11-19,46.43
2014-11-18,46.9
2014-11-17,46.67
2014-11-14,47.12
2014-11-13,47.2
2014-11-12,47.56
2014-11-11,47.24
2014-11-10,47.24
2014-11-07,47.08
2014-11-06,47.07
2014-11-05,46.94
2014-11-04,46.83
2014-11-03,47
2014-10-31,47.04
2014-10-30,46.35
2014-10-29,45.98
2014-10-28,46.04
2014-10-27,44.7
2014-10-24,44.74
2014-10-23,44.64
2014-10-22,43.98
2014-10-21,44.5
2014-10-20,43.78
2014-10-17,43.29
2014-10-16,43.44
2014-10-15,43.04
2014-10-14,42.75
2014-10-13,42.24
2014-10-10,42.34
2014-10-09,42.78
2014-10-08,43.77
2014-10-07,42.98
2014-10-06,43.7
2014-10-03,44.08
2014-10-02,43.76
2014-10-01,43.41
2014-09-30,44
2014-09-29,44.53
2014-09-26,44.53
2014-09-25,44.28
2014-09-24,44.94
2014-09-23,44.58
2014-09-22,45.03
2014-09-19,45.52
2014-09-18,46.09
2014-09-17,45.81
2014-09-16,45.69
2014-09-15,45.55
2014-09-12,46.01
2014-09-11,46.45
2014-09-10,46.13
2014-09-09,45.99
2014-09-08,46.54
2014-09-05,46.5
2014-09-04,46.38
2014-09-03,46.5
2014-09-02,46.69
2014-08-29,46.42
2014-08-28,46.18
2014-08-27,46.43
2014-08-26,46.54
2014-08-25,46.21
2014-08-22,46.16
2014-08-21,46.16
2014-08-20,46
2014-08-19,46.25
2014-08-18,46.07
2014-08-15,45.44
2014-08-14,45.47
2014-08-13,45.39
2014-08-12,45.15
2014-08-11,45.44
2014-08-08,45.06
2014-08-07,44.64
2014-08-06,44.88
2014-08-05,44.74
2014-08-04,44.81
2014-08-01,44.43
2014-07-31,44.53
2014-07-30,45.56
2014-07-29,45.5
2014-07-28,45.4
2014-07-25,45.58
2014-07-24,45.98
2014-07-23,45.98
2014-07-22,46.03
2014-07-21,45.64
2014-07-18,45.83
2014-07-17,45.18
2014-07-16,45.81
2014-07-15,45.9
2014-07-14,46.28
2014-07-11,46.04
2014-07-10,46.2
2014-07-09,46.7
2014-07-08,46.68
2014-07-07,47.11
2014-07-03,47.79
2014-07-02,47.45
2014-07-01,47.71
2014-06-30,47.15
2014-06-27,46.98
2014-06-26,46.62
2014-06-25,46.76
2014-06-24,46.41
2014-06-23,46.79
2014-06-20,46.88
2014-06-19,46.75
2014-06-18,46.72
2014-06-17,46.44
2014-06-16,46.1
2014-06-13,46.04
2014-06-12,45.93
2014-06-11,46.22
2014-06-10,46.44
2014-06-09,46.65
2014-06-06,46.29
2014-06-05,45.86
2014-06-04,44.98
2014-06-03,44.78
2014-06-02,44.88
2014-05-30,45.01
2014-05-29,45.2
2014-05-28,45.1
2014-05-27,45.38
2014-05-23,44.82
2014-05-22,44.36
2014-05-21,43.97
2014-05-20,43.78
2014-05-19,44.4
2014-05-16,44.03
2014-05-15,43.69
2014-05-14,43.94
2014-05-13,44.74
2014-05-12,45.23
2014-05-09,44.28
2014-05-08,43.95
2014-05-07,44.29
2014-05-06,44.11
2014-05-05,44.85
2014-05-02,44.93
2014-05-01,44.83
2014-04-30,44.93
2014-04-29,44.62
2014-04-28,44.52
2014-04-25,44.76
2014-04-24,45.43
2014-04-23,45.56
2014-04-22,45.84
2014-04-21,45.46
2014-04-17,45.26
2014-04-16,45.05
2014-04-15,44.62
2014-04-14,44.48
2014-04-11,44.26
2014-04-10,44.79
2014-04-09,45.94
2014-04-08,45.46
2014-04-07,45.11
2014-04-04,45.71
2014-04-03,46.65
2014-04-02,46.99
2014-04-01,46.76
2014-03-31,46.2
2014-03-28,45.39
2014-03-27,45.3
2014-03-26,45.43
2014-03-25,46.24
2014-03-24,46.25
2014-03-21,46.64
2014-03-20,46.8
2014-03-19,46.66
2014-03-18,46.99
2014-03-17,46.38
2014-03-14,46.08
2014-03-13,45.9
2014-03-12,46.42
2014-03-11,46.34
2014-03-10,46.81
2014-03-07,46.9
2014-03-06,46.83
2014-03-05,46.75
2014-03-04,46.81
2014-03-03,45.67
2014-02-28,45.89
2014-02-27,45.92
2014-02-26,45.72
2014-02-25,45.35
2014-02-24,45.4
2014-02-21,45.03
2014-02-20,45.03
2014-02-19,44.51
2014-02-18,44.94
2014-02-14,44.54
2014-02-13,44.49
2014-02-12,43.92
2014-02-11,43.78
2014-02-10,43.39
2014-02-07,43.36
2014-02-06,43.06
2014-02-05,42.59
2014-02-04,42.89
2014-02-03,42.6
2014-01-31,43.95
2014-01-30,44.21
2014-01-29,43.65
2014-01-28,44.25
2014-01-27,43.86
2014-01-24,44.46
2014-01-23,45.52
2014-01-22,45.83
2014-01-21,45.55
2014-01-17,45.31
2014-01-16,45.55
2014-01-15,45.59
2014-01-14,45.22
2014-01-13,44.7
2014-01-10,45.31
2014-01-09,45.14
2014-01-08,45.19
2014-01-07,45.31
2014-01-06,44.92
2014-01-03,45.3
2014-01-02,45.1
2013-12-31,45.64
2013-12-30,45.63
2013-12-27,45.64
2013-12-26,45.7
2013-12-24,45.63
2013-12-23,45.48
2013-12-20,45.07
2013-12-19,44.31
2013-12-18,44.71
2013-12-17,44.14
2013-12-16,44.22
2013-12-13,43.7
2013-12-12,43.54
2013-12-11,43.46
2013-12-10,44.05
2013-12-09,44.49
2013-12-06,44.55
2013-12-05,44.22
2013-12-04,44.11
2013-12-03,44.3
2013-12-02,44.5
2013-11-29,45.03
2013-11-27,45.05
2013-11-26,44.76
2013-11-25,44.45
2013-11-22,44.41
2013-11-21,44.28
2013-11-20,43.47
2013-11-19,43.51
2013-11-18,43.76
2013-11-15,43.93
2013-11-14,43.76
2013-11-13,43.78
2013-11-12,43.38
2013-11-11,43.38
2013-11-08,43.35
2013-11-07,42.62
2013-11-06,43.31
2013-11-05,43.36
2013-11-04,43.46
2013-11-01,42.92
2013-10-31,43.1
2013-10-30,43.32
2013-10-29,43.81
2013-10-28,43.65
2013-10-25,43.61
2013-10-24,43.56
2013-10-23,43.32
2013-10-22,43.39
2013-10-21,43.29
2013-10-18,43.34
2013-10-17,42.82
2013-10-16,42.44
2013-10-15,42
2013-10-14,42.37
2013-10-11,42.15
2013-10-10,41.53
2013-10-09,40.59
2013-10-08,40.64
2013-10-07,41.16
2013-10-04,41.66
2013-10-03,41.38
2013-10-02,41.85
2013-10-01,42.09
2013-09-30,41.61
2013-09-27,41.5
2013-09-26,41.7
2013-09-25,41.46
2013-09-24,41.52
2013-09-23,41.42
2013-09-20,41.39
2013-09-19,41.46
2013-09-18,41.54
2013-09-17,41.15
2013-09-16,40.81
2013-09-13,40.75
2013-09-12,40.51
2013-09-11,40.79
2013-09-10,40.73
2013-09-09,40.34
2013-09-06,39.75
2013-09-05,39.7
2013-09-04,39.62
2013-09-03,39.35
2013-08-30,39.2
2013-08-29,39.74
2013-08-28,39.37
2013-08-27,39.33
2013-08-26,40.18
2013-08-23,40.26
2013-08-22,40.16
2013-08-21,39.62
2013-08-20,39.88
2013-08-19,39.29
2013-08-16,39.65
2013-08-15,39.83
2013-08-14,40.49
2013-08-13,40.64
2013-08-12,40.66
2013-08-09,40.41
2013-08-08,40.44
2013-08-07,40.24
2013-08-06,40.51
2013-08-05,40.87
2013-08-02,40.71
2013-08-01,40.67
2013-07-31,40.13
2013-07-30,40.03
2013-07-29,39.96
2013-07-26,40.24
2013-07-25,40.44
2013-07-24,40.07
2013-07-23,40.36
2013-07-22,40.44
2013-07-19,40.34
2013-07-18,40.33
2013-07-17,39.99
2013-07-16,39.89
2013-07-15,40.05
2013-07-12,39.87
2013-07-11,39.79
2013-07-10,39.42
2013-07-09,39.35
2013-07-08,38.91
2013-07-05,38.8
2013-07-03,38.2
2013-07-02,38.17
2013-07-01,38.14
2013-06-28,37.56
2013-06-27,37.72
2013-06-26,37.08
2013-06-25,36.95
2013-06-24,36.62
2013-06-21,37.08
2013-06-20,36.94
2013-06-19,37.85
2013-06-18,38.3
2013-06-17,37.85
2013-06-14,37.61
2013-06-13,37.9
2013-06-12,37.29
2013-06-11,37.59
2013-06-10,37.99
2013-06-07,37.78
2013-06-06,37.47
2013-06-05,37.15
2013-06-04,37.63
2013-06-03,37.94
2013-05-31,37.6
2013-05-30,37.97
2013-05-29,37.76
2013-05-28,38.19
2013-05-24,37.67
2013-05-23,37.67
2013-05-22,37.74
2013-05-21,38.32
2013-05-20,38.26
2013-05-17,38.17
2013-05-16,37.71
2013-05-15,37.87
2013-05-14,37.73
2013-05-13,37.27
2013-05-10,37.34
2013-05-09,37
2013-05-08,37.12
2013-05-07,36.97
2013-05-06,36.62
2013-05-03,36.43
2013-05-02,35.8
2013-05-01,35.23
2013-04-30,36.04
2013-04-29,35.8
2013-04-26,35.6
2013-04-25,35.8
2013-04-24,35.57
2013-04-23,35.35
2013-04-22,34.8
2013-04-19,34.75
2013-04-18,34.36
2013-04-17,34.57
2013-04-16,35.16
2013-04-15,34.6
2013-04-12,35.82
2013-04-11,35.98
2013-04-10,35.96
2013-04-09,35.36
2013-04-08,35.5
2013-04-05,35.22
2013-04-04,35.28
2013-04-03,34.99
2013-04-02,35.52
2013-04-01,35.72
2013-03-28,36.1
2013-03-27,36.09
2013-03-26,36.08
2013-03-25,35.97
2013-03-22,35.94
2013-03-21,35.83
2013-03-20,36.15
2013-03-19,35.84
2013-03-18,35.95
2013-03-15,36.17
2013-03-14,36.16
2013-03-13,35.77
2013-03-12,35.58
2013-03-11,35.73
2013-03-08,35.75
2013-03-07,35.44
2013-03-06,35.27
2013-03-05,35.15
2013-03-04,34.79
2013-03-01,34.81
2013-02-28,34.66
2013-02-27,34.58
2013-02-26,34.2
2013-02-25,34.05
2013-02-22,34.82
2013-02-21,34.47
2013-02-20,34.79
2013-02-19,35.45
2013-02-15,35.06
2013-02-14,35.11
2013-02-13,35.01
2013-02-12,34.89
2013-02-11,34.74
2013-02-08,34.78
2013-02-07,34.56
2013-02-06,34.63
2013-02-05,34.46
2013-02-04,34.15
2013-02-01,34.56
2013-01-31,34.17
2013-01-30,34.08
2013-01-29,34.49
2013-01-28,34.47
2013-01-25,34.49
2013-01-24,34.3
2013-01-23,34.08
2013-01-22,34.17
2013-01-18,33.92
2013-01-17,33.8
2013-01-16,33.42
2013-01-15,33.49
2013-01-14,33.35
2013-01-11,33.37
2013-01-10,33.4
2013-01-09,33.35
2013-01-08,33.18
2013-01-07,33.25
2013-01-04,33.41
2013-01-03,33.19
2013-01-02,33.21
2012-12-31,32.3
2012-12-28,31.69
2012-12-27,31.91
2012-12-26,31.88
2012-12-24,32.16
2012-12-21,32.28
2012-12-20,32.38
2012-12-19,32.19
2012-12-18,32.2
2012-12-17,31.69
2012-12-14,31.31
2012-12-13,31.37
2012-12-12,31.53
2012-12-11,31.69
2012-12-10,31.42
2012-12-07,31.3
2012-12-06,31.3
2012-12-05,31.24
2012-12-04,31.33
2012-12-03,31.28
2012-11-30,31.31
2012-11-29,31.39
2012-11-28,31.04
2012-11-27,30.85
2012-11-26,30.85
2012-11-23,30.73
2012-11-21,30.41
2012-11-20,30.3
2012-11-19,30.21
2012-11-16,29.6
2012-11-15,29.39
2012-11-14,29.59
2012-11-13,30.07
2012-11-12,30.22
2012-11-09,30.3
2012-11-08,30.26
2012-11-07,30.73
2012-11-06,31.45
2012-11-05,31.17
2012-11-02,30.92
2012-11-01,31.34
2012-10-31,30.91
2012-10-26,30.73
2012-10-25,30.86
2012-10-24,30.76
2012-10-23,30.85
2012-10-22,30.98
2012-10-19,31.01
2012-10-18,31.54
2012-10-17,31.7
2012-10-16,31.42
2012-10-15,31.17
2012-10-12,30.98
2012-10-11,31.26
2012-10-10,31.19
2012-10-09,31.26
2012-10-08,31.63
2012-10-05,31.81
2012-10-04,31.86
2012-10-03,31.64
2012-10-02,31.77
2012-10-01,31.72
2012-09-28,31.63
2012-09-27,31.84
2012-09-26,31.5
2012-09-25,31.72
2012-09-24,32.14
2012-09-21,32.3
2012-09-20,32.21
2012-09-19,32.35
2012-09-18,32.55
2012-09-17,32.6
2012-09-14,32.8
2012-09-13,32.48
2012-09-12,32.11
2012-09-11,31.99
2012-09-10,31.95
2012-09-07,32.01
2012-09-06,31.79
2012-09-05,31.23
2012-09-04,31.27
2012-08-31,30.92
2012-08-30,30.79
2012-08-29,31.07
2012-08-28,30.97
2012-08-27,30.81
2012-08-24,30.74
2012-08-23,30.66
2012-08-22,30.85
2012-08-21,30.97
2012-08-20,30.98
2012-08-17,31.06
2012-08-16,30.83
2012-08-15,30.5
2012-08-14,30.29
2012-08-13,30.37
2012-08-10,30.45
2012-08-09,30.52
2012-08-08,30.42
2012-08-07,30.4
2012-08-06,30.15
2012-08-03,29.95
2012-08-02,29.24
2012-08-01,29.27
2012-07-31,29.76
2012-07-30,29.91
2012-07-27,30.1
2012-07-26,29.38
2012-07-25,29.14
2012-07-24,29.1
2012-07-23,29.48
2012-07-20,29.93
2012-07-19,30.25
2012-07-18,30.28
2012-07-17,30.11
2012-07-16,30.03
2012-07-13,30.12
2012-07-12,29.74
2012-07-11,29.76
2012-07-10,29.88
2012-07-09,30.21
2012-07-06,30.26
2012-07-05,30.59
2012-07-03,30.62
2012-07-02,30.24
2012-06-29,29.99
2012-06-28,29.11
2012-06-27,29.12
2012-06-26,28.71
2012-06-25,28.6
2012-06-22,29.04
2012-06-21,28.71
2012-06-20,29.44
2012-06-19,29.5
2012-06-18,29
2012-06-15,28.95
2012-06-14,28.64
2012-06-13,28.32
2012-06-12,28.69
2012-06-11,28.34
2012-06-08,29.03
2012-06-07,28.7
2012-06-06,28.84
2012-06-05,28.16
2012-06-04,27.91
2012-06-01,27.96
2012-05-31,28.77
2012-05-30,28.85
2012-05-29,29.38
2012-05-25,28.99
2012-05-24,28.97
2012-05-23,28.96
2012-05-22,28.81
2012-05-21,28.94
2012-05-18,28.45
2012-05-17,28.7
2012-05-16,29.32
2012-05-15,29.56
2012-05-14,29.54
2012-05-11,29.89
2012-05-10,29.97
2012-05-09,29.83
2012-05-08,29.98
2012-05-07,30.03
2012-05-04,29.94
2012-05-03,30.49
2012-05-02,30.9
2012-05-01,30.73
2012-04-30,30.69
2012-04-27,31.02
2012-04-26,30.73
2012-04-25,30.45
2012-04-24,29.98
2012-04-23,29.81
2012-04-20,30.24
2012-04-19,30.1
2012-04-18,30.27
2012-04-17,30.53
2012-04-16,30.08
2012-04-13,30.01
2012-04-12,30.36
2012-04-11,29.94
2012-04-10,29.51
2012-04-09,30.23
2012-04-05,30.71
2012-04-04,30.85
2012-04-03,31.33
2012-04-02,31.5
2012-03-30,31.12
2012-03-29,31.21
2012-03-28,31.3
2012-03-27,31.43
2012-03-26,31.66
2012-03-23,30.98
2012-03-22,30.69
2012-03-21,30.97
2012-03-20,30.98
2012-03-19,31.26
2012-03-16,30.98
2012-03-15,31.07
2012-03-14,30.82
2012-03-13,31.07
2012-03-12,30.41
2012-03-09,30.42
2012-03-08,30.03
2012-03-07,29.7
2012-03-06,29.44
2012-03-05,29.99
2012-03-02,29.96
2012-03-01,30.43
2012-02-29,30.24
2012-02-28,30.7
2012-02-27,30.76
2012-02-24,30.83
2012-02-23,30.96
2012-02-22,30.57
2012-02-21,30.77
2012-02-17,30.96
2012-02-16,30.94
2012-02-15,30.37
2012-02-14,30.62
2012-02-13,30.77
2012-02-10,30.38
2012-02-09,30.79
2012-02-08,30.95
2012-02-07,30.89
2012-02-06,30.94
2012-02-03,31.07
2012-02-02,30.42
2012-02-01,30.23
2012-01-31,29.6
2012-01-30,29.57
2012-01-27,29.79
2012-01-26,29.66
2012-01-25,29.72
2012-01-24,29.51
2012-01-23,29.33
2012-01-20,29.38
2012-01-19,29.34
2012-01-18,29.17
2012-01-17,28.67
2012-01-13,28.66
2012-01-12,28.85
2012-01-11,28.74
2012-01-10,28.62
2012-01-09,28.24
2012-01-06,28.13
2012-01-05,28.22
2012-01-04,28.05
2012-01-03,28.22
2011-12-30,27.77
2011-12-29,28.03
2011-12-28,27.72
2011-12-27,28.2
2011-12-23,28.09
2011-12-22,28.01
2011-12-21,27.81
2011-12-20,27.66
2011-12-19,26.58
2011-12-16,27.04
2011-12-15,26.82
2011-12-14,26.49
2011-12-13,26.86
2011-12-12,27.36
2011-12-09,27.7
2011-12-08,26.87
2011-12-07,27.7
2011-12-06,27.71
2011-12-05,27.72
2011-12-02,27.31
2011-12-01,27.26
2011-11-30,27.42
2011-11-29,25.89
2011-11-28,25.99
2011-11-25,24.83
2011-11-23,25.14
2011-11-22,25.91
2011-11-21,26.09
2011-11-18,26.75
2011-11-17,26.69
2011-11-16,27.01
2011-11-15,27.46
2011-11-14,27.12
2011-11-11,27.51
2011-11-10,26.77
2011-11-09,26.61
2011-11-08,27.84
2011-11-07,27.48
2011-11-04,27.5
2011-11-03,27.66
2011-11-02,26.99
2011-11-01,26.38
2011-10-31,27.25
2011-10-28,28.04
2011-10-27,28.12
2011-10-26,26.75
2011-10-25,26.33
2011-10-24,27.06
2011-10-21,26.23
2011-10-20,25.66
2011-10-19,25.6
2011-10-18,26.06
2011-10-17,25.42
2011-10-14,26.21
2011-10-13,25.74
2011-10-12,25.74
2011-10-11,25.43
2011-10-10,25.3
2011-10-07,24.29
2011-10-06,24.88
2011-10-05,24.34
2011-10-04,24.02
2011-10-03,22.53
2011-09-30,23.72
2011-09-29,24.48
2011-09-28,24.01
2011-09-27,24.89
2011-09-26,24.38
2011-09-23,23.87
2011-09-22,23.61
2011-09-21,24.23
2011-09-20,25.15
2011-09-19,25.58
2011-09-16,25.98
2011-09-15,26
2011-09-14,25.66
2011-09-13,25.22
2011-09-12,24.83
2011-09-09,24.65
2011-09-08,25.41
2011-09-07,25.88
2011-09-06,24.92
2011-09-02,24.98
2011-09-01,25.89
2011-08-31,26.44
2011-08-30,26.43
2011-08-29,26.33
2011-08-26,25.18
2011-08-25,24.64
2011-08-24,25.23
2011-08-23,24.91
2011-08-22,23.75
2011-08-19,23.78
2011-08-18,24.15
2011-08-17,25.59
2011-08-16,25.66
2011-08-15,26.06
2011-08-12,25.41
2011-08-11,25.24
2011-08-10,24.04
2011-08-09,25.25
2011-08-08,23.8
2011-08-05,25.96
2011-08-04,26.35
2011-08-03,27.84
2011-08-02,27.69
2011-08-01,28.51
2011-07-29,28.67
2011-07-28,28.65
2011-07-27,28.73
2011-07-26,29.58
2011-07-25,29.83
2011-07-22,30.13
2011-07-21,30.16
2011-07-20,29.87
2011-07-19,29.95
2011-07-18,29.3
2011-07-15,29.69
2011-07-14,29.52
2011-07-13,30.01
2011-07-12,29.77
2011-07-11,29.89
2011-07-08,30.5
2011-07-07,30.69
2011-07-06,30.26
2011-07-05,30.19
2011-07-01,30.08
2011-06-30,29.61
2011-06-29,29.28
2011-06-28,29.15
2011-06-27,28.7
2011-06-24,28.5
2011-06-23,28.67
2011-06-22,28.61
2011-06-21,28.81
2011-06-20,28.31
2011-06-17,28.03
2011-06-16,28.04
2011-06-15,27.95
2011-06-14,28.37
2011-06-13,27.76
2011-06-10,27.83
2011-06-09,28.27
2011-06-08,28.14
2011-06-07,28.42
2011-06-06,28.34
2011-06-03,28.75
2011-06-02,29.19
2011-06-01,29.26
2011-05-31,30.17
2011-05-27,29.72
2011-05-26,29.5
2011-05-25,29.16
2011-05-24,28.82
2011-05-23,28.98
2011-05-20,29.46
2011-05-19,29.69
2011-05-18,29.64
2011-05-17,29.26
2011-05-16,29.32
2011-05-13,29.73
2011-05-12,30.08
2011-05-11,29.83
2011-05-10,30.3
2011-05-09,29.79
2011-05-06,29.49
2011-05-05,29.37
2011-05-04,29.49
2011-05-03,29.83
2011-05-02,30.17
2011-04-29,30.43
2011-04-28,30.35
2011-04-27,30.28
2011-04-26,30
2011-04-25,29.66
2011-04-21,29.71
2011-04-20,29.51
2011-04-19,28.94
2011-04-18,28.96
2011-04-15,29.4
2011-04-14,29.11
2011-04-13,28.93
2011-04-12,28.97
2011-04-11,29.32
2011-04-08,29.5
2011-04-07,29.89
2011-04-06,30.05
2011-04-05,29.97
2011-04-04,29.86
2011-04-01,29.74
2011-03-31,29.65
2011-03-30,29.49
2011-03-29,29.12
2011-03-28,28.88
2011-03-25,28.94
2011-03-24,28.71
2011-03-23,28.52
2011-03-22,28.48
2011-03-21,28.61
2011-03-18,28.01
2011-03-17,27.64
2011-03-16,27.56
2011-03-15,27.89
2011-03-14,28.14
2011-03-11,28.28
2011-03-10,28.25
2011-03-09,28.96
2011-03-08,28.99
2011-03-07,28.5
2011-03-04,28.96
2011-03-03,29.05
2011-03-02,28.33
2011-03-01,28.29
2011-02-28,28.8
2011-02-25,28.77
2011-02-24,28.13
2011-02-23,27.97
2011-02-22,28.56
2011-02-18,29.26
2011-02-17,29.22
2011-02-16,28.98
2011-02-15,28.75
2011-02-14,29.02
2011-02-11,28.85
2011-02-10,28.58
2011-02-09,28.41
2011-02-08,28.52
2011-02-07,28.41
2011-02-04,28.13
2011-02-03,28.05
2011-02-02,28.01
2011-02-01,28.12
2011-01-31,27.58
2011-01-28,27.39
2011-01-27,28.09
2011-01-26,27.92
2011-01-25,27.49
2011-01-24,27.42
2011-01-21,27.22
2011-01-20,27.37
2011-01-19,27.61
2011-01-18,28.23
2011-01-14,28.19
2011-01-13,27.97
2011-01-12,27.96
2011-01-11,27.69
2011-01-10,27.6
2011-01-07,27.51
2011-01-06,27.71
2011-01-05,27.85
2011-01-04,27.6
2011-01-03,28.06
2010-12-31,27.55
2010-12-30,27.85
2010-12-29,27.9
2010-12-28,27.83
2010-12-27,27.89
2010-12-23,27.82
2010-12-22,27.84
2010-12-21,27.83
2010-12-20,27.52
2010-12-17,27.48
2010-12-16,27.35
2010-12-15,27.07
2010-12-14,27.14
2010-12-13,27.16
2010-12-10,27.24
2010-12-09,26.91
2010-12-08,26.87
2010-12-07,26.92
2010-12-06,26.74
2010-12-03,26.59
2010-12-02,26.4
2010-12-01,26.13
2010-11-30,25.61
2010-11-29,25.79
2010-11-26,25.8
2010-11-24,25.95
2010-11-23,25.37
2010-11-22,25.53
2010-11-19,25.39
2010-11-18,25.34
2010-11-17,24.92
2010-11-16,24.9
2010-11-15,25.37
2010-11-12,25.35
2010-11-11,25.75
2010-11-10,25.9
2010-11-09,25.6
2010-11-08,25.87
2010-11-05,25.89
2010-11-04,25.75
2010-11-03,25.12
2010-11-02,25.03
2010-11-01,24.52
2010-10-29,24.67
2010-10-28,24.61
2010-10-27,24.74
2010-10-26,24.81
2010-10-25,24.83
2010-10-22,24.73
2010-10-21,24.58
2010-10-20,24.68
2010-10-19,24.47
2010-10-18,24.82
2010-10-15,24.72
2010-10-14,24.79
2010-10-13,24.77
2010-10-12,24.41
2010-10-11,24.29
2010-10-08,24.26
2010-10-07,23.99
2010-10-06,24.05
2010-10-05,24.15
2010-10-04,23.49
2010-10-01,23.81
2010-09-30,23.66
2010-09-29,23.79
2010-09-28,23.69
2010-09-27,23.52
2010-09-24,23.56
2010-09-23,22.85
2010-09-22,23.11
2010-09-21,23.4
2010-09-20,23.54
2010-09-17,22.94
2010-09-16,22.85
2010-09-15,23.02
2010-09-14,22.87
2010-09-13,22.94
2010-09-10,22.42
2010-09-09,22.38
2010-09-08,22.38
2010-09-07,22.27
2010-09-03,22.69
2010-09-02,22.3
2010-09-01,22.07
2010-08-31,21.27
2010-08-30,21.3
2010-08-27,21.79
2010-08-26,21.27
2010-08-25,21.39
2010-08-24,21.13
2010-08-23,21.32
2010-08-20,21.6
2010-08-19,21.6
2010-08-18,22.18
2010-08-17,22.08
2010-08-16,21.71
2010-08-13,21.57
2010-08-12,21.85
2010-08-11,21.93
2010-08-10,22.78
2010-08-09,23.18
2010-08-06,22.96
2010-08-05,23.1
2010-08-04,23.4
2010-08-03,23.14
2010-08-02,23.38
2010-07-30,23.02
2010-07-29,23
2010-07-28,23.06
2010-07-27,23.44
2010-07-26,23.53
2010-07-23,23.01
2010-07-22,22.55
2010-07-21,21.81
2010-07-20,22.19
2010-07-19,21.83
2010-07-16,21.73
2010-07-15,22.52
2010-07-14,22.71
2010-07-13,22.78
2010-07-12,22.11
2010-07-09,22.31
2010-07-08,22
2010-07-07,21.68
2010-07-06,20.99
2010-07-02,21.25
2010-07-01,21.46
2010-06-30,21.62
2010-06-29,21.84
2010-06-28,22.61
2010-06-25,22.76
2010-06-24,22.33
2010-06-23,22.66
2010-06-22,22.73
2010-06-21,23.18
2010-06-18,23.4
2010-06-17,23.39
2010-06-16,23.37
2010-06-15,23.49
2010-06-14,22.98
2010-06-11,22.86
2010-06-10,22.54
2010-06-09,21.84
2010-06-08,21.8
2010-06-07,21.85
2010-06-04,22.4
2010-06-03,23.54
2010-06-02,23.23
2010-06-01,22.6
2010-05-28,23.27
2010-05-27,23.55
2010-05-26,22.65
2010-05-25,22.66
2010-05-24,22.71
2010-05-21,23.05
2010-05-20,22.73
2010-05-19,23.93
2010-05-18,24.18
2010-05-17,24.66
2010-05-14,24.51
2010-05-13,24.98
2010-05-12,25.2
2010-05-11,24.45
2010-05-10,24.33
2010-05-07,23.1
2010-05-06,23.72
2010-05-05,24.56
2010-05-04,24.9
2010-05-03,25.63
2010-04-30,25.07
2010-04-29,25.95
2010-04-28,25.35
2010-04-27,25.27
2010-04-26,25.86
2010-04-23,25.95
2010-04-22,25.7
2010-04-21,25.4
2010-04-20,25.21
2010-04-19,24.9
2010-04-16,24.95
2010-04-15,25.21
2010-04-14,25.17
2010-04-13,24.68
2010-04-12,24.61
2010-04-09,24.51
2010-04-08,24.39
2010-04-07,24.43
2010-04-06,24.48
2010-04-05,24.38
2010-04-01,23.95
2010-03-31,23.69
2010-03-30,23.95
2010-03-29,23.83
2010-03-26,23.75
2010-03-25,23.79
2010-03-24,23.92
2010-03-23,24.23
2010-03-22,23.97
2010-03-19,23.6
2010-03-18,23.88
2010-03-17,23.94
2010-03-16,23.75
2010-03-15,23.55
2010-03-12,23.61
2010-03-11,23.59
2010-03-10,23.53
2010-03-09,23.36
2010-03-08,23.27
2010-03-05,23.19
2010-03-04,22.76
2010-03-03,22.72
2010-03-02,22.61
2010-03-01,22.43
2010-02-26,21.94
2010-02-25,22.02
2010-02-24,22.06
2010-02-23,21.85
2010-02-22,22.1
2010-02-19,22.02
2010-02-18,21.97
2010-02-17,21.74
2010-02-16,21.62
2010-02-12,21.28
2010-02-11,21.12
2010-02-10,20.84
2010-02-09,20.76
2010-02-08,20.47
2010-02-05,20.7
2010-02-04,20.66
2010-02-03,21.3
2010-02-02,21.47
2010-02-01,21.28
2010-01-29,21.07
2010-01-28,21.28
2010-01-27,21.67
2010-01-26,21.45
2010-01-25,21.61
2010-01-22,21.59
2010-01-21,22.02
2010-01-20,22.28
2010-01-19,22.6
2010-01-15,22.21
2010-01-14,22.5
2010-01-13,22.41
2010-01-12,22.16
2010-01-11,22.37
2010-01-08,22.45
2010-01-07,22.36
2010-01-06,22.2
2010-01-05,22.23
2010-01-04,22.29
2009-12-31,21.76
2009-12-30,22.12
2009-12-29,22.1
2009-12-28,22.14
2009-12-24,22.16
2009-12-23,22.08
2009-12-22,21.79
2009-12-21,21.56
2009-12-18,21.29
2009-12-17,21.09
2009-12-16,21.27
2009-12-15,21.15
2009-12-14,21.17
2009-12-11,20.82
2009-12-10,20.57
2009-12-09,20.7
2009-12-08,20.77
2009-12-07,20.85
2009-12-04,20.83
2009-12-03,20.33
2009-12-02,20.63
2009-12-01,20.4
2009-11-30,20.1
2009-11-27,20.06
2009-11-25,20.53
2009-11-24,20.54
2009-11-23,20.66
2009-11-20,20.26
2009-11-19,20.29
2009-11-18,20.83
2009-11-17,20.86
2009-11-16,20.88
2009-11-13,20.34
2009-11-12,20.2
2009-11-11,20.6
2009-11-10,20.44
2009-11-09,20.54
2009-11-06,20.15
2009-11-05,20.13
2009-11-04,19.57
2009-11-03,19.8
2009-11-02,19.56
2009-10-30,19.59
2009-10-29,20.15
2009-10-28,19.8
2009-10-27,20.4
2009-10-26,20.64
2009-10-23,20.82
2009-10-22,21.21
2009-10-21,20.93
2009-10-20,21.24
2009-10-19,21.53
2009-10-16,21.31
2009-10-15,21.52
2009-10-14,21.53
2009-10-13,21.13
2009-10-12,21.19
2009-10-09,21.14
2009-10-08,20.92
2009-10-07,20.71
2009-10-06,20.66
2009-10-05,20.31
2009-10-02,19.95
2009-10-01,20.14
2009-09-30,20.75
2009-09-29,21.01
2009-09-28,21.05
2009-09-25,20.57
2009-09-24,20.66
2009-09-23,21.08
2009-09-22,21.24
2009-09-21,21.1
2009-09-18,21.19
2009-09-17,21.12
2009-09-16,21.15
2009-09-15,20.76
2009-09-14,20.57
2009-09-11,20.39
2009-09-10,20.37
2009-09-09,20.13
2009-09-08,19.91
2009-09-04,19.67
2009-09-03,19.46
2009-09-02,19.23
2009-09-01,19.31
2009-08-31,19.74
2009-08-28,20.08
2009-08-27,20.15
2009-08-26,20.17
2009-08-25,20.13
2009-08-24,20.07
2009-08-21,20.09
2009-08-20,19.65
2009-08-19,19.41
2009-08-18,19.29
2009-08-17,19.02
2009-08-14,19.56
2009-08-13,19.93
2009-08-12,19.79
2009-08-11,19.56
2009-08-10,19.85
2009-08-07,19.85
2009-08-06,19.32
2009-08-05,19.58
2009-08-04,19.77
2009-08-03,19.66
2009-07-31,19.28
2009-07-30,19.28
2009-07-29,18.99
2009-07-28,19.09
2009-07-27,19.05
2009-07-24,18.99
2009-07-23,18.93
2009-07-22,18.38
2009-07-21,18.25
2009-07-20,18.31
2009-07-17,18.1
2009-07-16,18.13
2009-07-15,17.93
2009-07-14,17.28
2009-07-13,17.15
2009-07-10,16.77
2009-07-09,16.68
2009-07-08,16.73
2009-07-07,16.81
2009-07-06,17.12
2009-07-02,17.28
2009-07-01,17.88
2009-06-30,17.57
2009-06-29,17.6
2009-06-26,17.56
2009-06-25,17.36
2009-06-24,16.93
2009-06-23,16.81
2009-06-22,16.96
2009-06-19,17.58
2009-06-18,17.47
2009-06-17,17.4
2009-06-16,17.23
2009-06-15,17.59
2009-06-12,18.04
2009-06-11,18.01
2009-06-10,18.1
2009-06-09,18.18
2009-06-08,18.08
2009-06-05,18.32
2009-06-04,18.34
2009-06-03,17.99
2009-06-02,18.19
2009-06-01,18
2009-05-29,17.26
2009-05-28,16.96
2009-05-27,16.95
2009-05-26,17.32
2009-05-22,16.48
2009-05-21,16.66
2009-05-20,16.94
2009-05-19,17.06
2009-05-18,17.09
2009-05-15,16.49
2009-05-14,16.56
2009-05-13,16.37
2009-05-12,17.18
2009-05-11,17.46
2009-05-08,17.8
2009-05-07,17.26
2009-05-06,17.56
2009-05-05,17.52
2009-05-04,17.63
2009-05-01,17.02
2009-04-30,16.95
2009-04-29,17.01
2009-04-28,16.44
2009-04-27,16.38
2009-04-24,16.55
2009-04-23,16.27
2009-04-22,16.35
2009-04-21,16.24
2009-04-20,15.7
2009-04-17,16.5
2009-04-16,16.3
2009-04-15,15.86
2009-04-14,15.6
2009-04-13,16.1
2009-04-09,16.06
2009-04-08,15.13
2009-04-07,14.87
2009-04-06,15.44
2009-04-03,15.67
2009-04-02,15.37
2009-04-01,14.66
2009-03-31,14.35
2009-03-30,14.28
2009-03-27,14.71
2009-03-26,15.18
2009-03-25,14.54
2009-03-24,14.25
2009-03-23,14.76
2009-03-20,13.62
2009-03-19,14.12
2009-03-18,14.28
2009-03-17,13.82
2009-03-16,13.27
2009-03-13,13.45
2009-03-12,13.27
2009-03-11,12.6
2009-03-10,12.55
2009-03-09,11.84
2009-03-06,12.07
2009-03-05,12.11
2009-03-04,12.72
2009-03-03,12.48
2009-03-02,12.69
2009-02-27,13.46
2009-02-26,13.52
2009-02-25,13.73
2009-02-24,14.06
2009-02-23,13.56
2009-02-20,14.19
2009-02-19,14.3
2009-02-18,14.45
2009-02-17,14.59
2009-02-13,15.22
2009-02-12,15.38
2009-02-11,15.26
2009-02-10,15.27
2009-02-09,15.95
2009-02-06,16.11
2009-02-05,15.48
2009-02-04,15.32
2009-02-03,15.39
2009-02-02,15.33
2009-01-30,15.26
2009-01-29,15.56
2009-01-28,16.23
2009-01-27,15.6
2009-01-26,15.42
2009-01-23,15.27
2009-01-22,15.19
2009-01-21,15.63
2009-01-20,14.99
2009-01-16,16.06
2009-01-15,15.85
2009-01-14,15.62
2009-01-13,16.29
2009-01-12,16.15
2009-01-09,16.62
2009-01-08,17.26
2009-01-07,17.18
2009-01-06,17.75
2009-01-05,17.55
2009-01-02,17.57
2008-12-31,17.28
2008-12-30,16.87
2008-12-29,16.32
2008-12-26,16.63
2008-12-24,16.38
2008-12-23,16.28
2008-12-22,16.59
2008-12-19,16.76
2008-12-18,16.68
2008-12-17,16.93
2008-12-16,16.63
2008-12-15,15.73
2008-12-12,16.21
2008-12-11,15.66
2008-12-10,16.52
2008-12-09,16.16
2008-12-08,16.6
2008-12-05,15.94
2008-12-04,15.4
2008-12-03,15.88
2008-12-02,15.37
2008-12-01,14.71
2008-11-28,16.44
2008-11-26,16.17
2008-11-25,15.39
2008-11-24,15.16
2008-11-21,14.15
2008-11-20,13.41
2008-11-19,14.34
2008-11-18,15.6
2008-11-17,15.63
2008-11-14,15.77
2008-11-13,16.93
2008-11-12,15.73
2008-11-11,16.66
2008-11-10,17.04
2008-11-07,17.42
2008-11-06,17.16
2008-11-05,17.84
2008-11-04,18.82
2008-11-03,18.53
2008-10-31,18.66
2008-10-30,17.82
2008-10-29,17.06
2008-10-28,16.72
2008-10-27,15.69
2008-10-24,16.12
2008-10-23,16.9
2008-10-22,17.39
2008-10-21,18.48
2008-10-20,18.86
2008-10-17,18.02
2008-10-16,18.51
2008-10-15,17.54
2008-10-14,19.3
2008-10-13,19.64
2008-10-10,18.25
2008-10-09,17.45
2008-10-08,19.04
2008-10-07,19.45
2008-10-06,20.68
2008-10-03,21.47
2008-10-02,21.93
2008-10-01,23.24
2008-09-30,23.25
2008-09-29,22.72
2008-09-26,24.2
2008-09-25,24
2008-09-24,23.86
2008-09-23,24.31
2008-09-22,24.62
2008-09-19,25.37
2008-09-18,24.73
2008-09-17,23.35
2008-09-16,24.38
2008-09-15,23.68
2008-09-12,24.6
2008-09-11,24.54
2008-09-10,24.34
2008-09-09,24.07
2008-09-08,24.89
2008-09-05,24.31
2008-09-04,24.32
2008-09-03,25.1
2008-09-02,25.03
2008-08-29,24.91
2008-08-28,25.16
2008-08-27,24.77
2008-08-26,24.52
2008-08-25,24.47
2008-08-22,24.92
2008-08-21,24.5
2008-08-20,24.69
2008-08-19,24.64
2008-08-18,25.05
2008-08-15,25.51
2008-08-14,25.45
2008-08-13,25.28
2008-08-12,25.24
2008-08-11,25.43
2008-08-08,24.82
2008-08-07,24.16
2008-08-06,24.43
2008-08-05,24.32
2008-08-04,23.72
2008-08-01,24.03
2008-07-31,23.88
2008-07-30,24.09
2008-07-29,24.02
2008-07-28,23.43
2008-07-25,23.81
2008-07-24,23.64
2008-07-23,24.25
2008-07-22,24.09
2008-07-21,23.51
2008-07-18,23.39
2008-07-17,23.46
2008-07-16,23.11
2008-07-15,22.31
2008-07-14,22.52
2008-07-11,22.74
2008-07-10,22.75
2008-07-09,22.51
2008-07-08,23.17
2008-07-07,22.44
2008-07-03,22.6
2008-07-02,22.83
2008-07-01,23.45
2008-06-30,23.44
2008-06-27,23.64
2008-06-26,23.83
2008-06-25,24.37
2008-06-24,24.06
2008-06-23,24.45
2008-06-20,24.64
2008-06-19,25.06
2008-06-18,24.87
2008-06-17,25.01
2008-06-16,25.14
2008-06-13,24.89
2008-06-12,24.4
2008-06-11,24.37
2008-06-10,24.87
2008-06-09,24.98
2008-06-06,25
2008-06-05,25.86
2008-06-04,25.21
2008-06-03,25.11
2008-06-02,25.17
2008-05-30,25.33
2008-05-29,25.2
2008-05-28,25.07
2008-05-27,24.94
2008-05-23,24.63
2008-05-22,24.87
2008-05-21,24.68
2008-05-20,25.01
2008-05-19,25.07
2008-05-16,25.23
2008-05-15,25.22
2008-05-14,24.92
2008-05-13,24.92
2008-05-12,24.63
2008-05-09,24.38
2008-05-08,24.34
2008-05-07,24.3
2008-05-06,24.62
2008-05-05,24.55
2008-05-02,24.67
2008-05-01,24.68
2008-04-30,24.32
2008-04-29,24.42
2008-04-28,24.65
2008-04-25,24.49
2008-04-24,24.23
2008-04-23,23.91
2008-04-22,23.86
2008-04-21,24.25
2008-04-18,24.33
2008-04-17,24
2008-04-16,24.09
2008-04-15,23.39
2008-04-14,23.26
2008-04-11,23.39
2008-04-10,23.93
2008-04-09,23.76
2008-04-08,24.12
2008-04-07,24.16
2008-04-04,24.28
2008-04-03,24.23
2008-04-02,24.27
2008-04-01,24.17
2008-03-31,23.29
2008-03-28,23.2
2008-03-27,23.49
2008-03-26,23.85
2008-03-25,24
2008-03-24,23.88
2008-03-20,23.16
2008-03-19,22.63
2008-03-18,23.24
2008-03-17,22.22
2008-03-14,22.64
2008-03-13,23.21
2008-03-12,22.67
2008-03-11,22.9
2008-03-10,22.08
2008-03-07,22.51
2008-03-06,22.66
2008-03-05,23.32
2008-03-04,23.14
2008-03-03,23.28
2008-02-29,23.31
2008-02-28,23.94
2008-02-27,24.36
2008-02-26,24.36
2008-02-25,24.09
2008-02-22,23.61
2008-02-21,23.88
2008-02-20,24.01
2008-02-19,23.7
2008-02-15,23.76
2008-02-14,23.78
2008-02-13,24.3
2008-02-12,23.92
2008-02-11,23.66
2008-02-08,23.59
2008-02-07,23.68
2008-02-06,23.37
2008-02-05,23.69
2008-02-04,24.29
2008-02-01,24.54
2008-01-31,23.87
2008-01-30,23.34
2008-01-29,23.65
2008-01-28,23.46
2008-01-25,23.03
2008-01-24,23.16
2008-01-23,23.19
2008-01-22,22.39
2008-01-18,22.46
2008-01-17,22.62
2008-01-16,23.15
2008-01-15,23.09
2008-01-14,23.55
2008-01-11,23.32
2008-01-10,23.8
2008-01-09,23.65
2008-01-08,23.38
2008-01-07,24.04
2008-01-04,23.92
2008-01-03,24.67
2008-01-02,24.99
2007-12-31,25.24
2007-12-28,25.41
2007-12-27,25.46
2007-12-26,26.07
2007-12-24,26.06
2007-12-21,25.86
2007-12-20,25.33
2007-12-19,24.98
2007-12-18,24.86
2007-12-17,24.53
2007-12-14,24.97
2007-12-13,25.27
2007-12-12,25.53
2007-12-11,25.38
2007-12-10,26.34
2007-12-07,26.02
2007-12-06,26.06
2007-12-05,25.43
2007-12-04,25.11
2007-12-03,25.16
2007-11-30,25.51
2007-11-29,25.4
2007-11-28,25.5
2007-11-27,24.58
2007-11-26,24.26
2007-11-23,25.04
2007-11-21,24.5
2007-11-20,24.87
2007-11-19,24.87
2007-11-16,25.36
2007-11-15,25.51
2007-11-14,25.87
2007-11-13,25.96
2007-11-12,25.23
2007-11-09,25.48
2007-11-08,25.69
2007-11-07,25.7
2007-11-06,26.55
2007-11-05,26.11
2007-11-02,26.43
2007-11-01,26.4
2007-10-31,27.46
2007-10-30,27.12
2007-10-29,27.34
2007-10-26,27.36
2007-10-25,26.82
2007-10-24,26.93
2007-10-23,27.09
2007-10-22,26.88
2007-10-19,26.4
2007-10-18,27.29
2007-10-17,27.41
2007-10-16,27.37
2007-10-15,27.7
2007-10-12,28.06
2007-10-11,27.86
2007-10-10,28.11
2007-10-09,28.2
2007-10-08,28.01
2007-10-05,28.18
2007-10-04,27.71
2007-10-03,27.63
2007-10-02,27.79
2007-10-01,27.56
2007-09-28,27
2007-09-27,27.29
2007-09-26,27.1
2007-09-25,26.96
2007-09-24,27.08
2007-09-21,27.31
2007-09-20,27.29
2007-09-19,27.47
2007-09-18,27.19
2007-09-17,26.13
2007-09-14,26.43
2007-09-13,26.21
2007-09-12,26.22
2007-09-11,26.35
2007-09-10,25.9
2007-09-07,26.26
2007-09-06,26.59
2007-09-05,26.61
2007-09-04,26.77
2007-08-31,26.57
2007-08-30,26.24
2007-08-29,26.43
2007-08-28,25.76
2007-08-27,26.53
2007-08-24,26.88
2007-08-23,26.39
2007-08-22,26.67
2007-08-21,26.45
2007-08-20,26.31
2007-08-17,26.3
2007-08-16,25.82
2007-08-15,25.45
2007-08-14,25.69
2007-08-13,26.08
2007-08-10,26.23
2007-08-09,25.88
2007-08-08,26.47
2007-08-07,26.09
2007-08-06,25.77
2007-08-03,25.47
2007-08-02,26.48
2007-08-01,26.18
2007-07-31,26.08
2007-07-30,26.35
2007-07-27,25.94
2007-07-26,26.44
2007-07-25,27.13
2007-07-24,27.22
2007-07-23,27.86
2007-07-20,27.84
2007-07-19,28.28
2007-07-18,28.11
2007-07-17,28.19
2007-07-16,28.19
2007-07-13,28.27
2007-07-12,28.13
2007-07-11,27.85
2007-07-10,27.59
2007-07-09,28.05
2007-07-06,28.04
2007-07-05,27.98
2007-07-03,27.93
2007-07-02,27.83
2007-06-29,27.47
2007-06-28,27.65
2007-06-27,27.62
2007-06-26,27.12
2007-06-25,27.38
2007-06-22,27.55
2007-06-21,27.78
2007-06-20,27.65
2007-06-19,28.03
2007-06-18,27.92
2007-06-15,27.98
2007-06-14,27.68
2007-06-13,27.44
2007-06-12,27.05
2007-06-11,27.49
2007-06-08,27.43
2007-06-07,27.12
2007-06-06,27.68
2007-06-05,28.03
2007-06-04,28.2
2007-06-01,28.18
2007-05-31,27.92
2007-05-30,27.82
2007-05-29,27.64
2007-05-25,27.41
2007-05-24,27.27
2007-05-23,27.59
2007-05-22,27.7
2007-05-21,27.53
2007-05-18,27.23
2007-05-17,26.97
2007-05-16,27.1
2007-05-15,27
2007-05-14,27.13
2007-05-11,27.36
2007-05-10,27.16
2007-05-09,27.5
2007-05-08,27.34
2007-05-07,27.42
2007-05-04,27.53
2007-05-03,27.26
2007-05-02,27.27
2007-05-01,26.9
2007-04-30,26.75
2007-04-27,27.22
2007-04-26,27.35
2007-04-25,27.2
2007-04-24,27.04
2007-04-23,27.06
2007-04-20,27.1
2007-04-19,26.8
2007-04-18,26.85
2007-04-17,27.02
2007-04-16,27.08
2007-04-13,26.76
2007-04-12,26.56
2007-04-11,26.42
2007-04-10,26.61
2007-04-09,26.51
2007-04-05,26.48
2007-04-04,26.52
2007-04-03,26.48
2007-04-02,26.23
2007-03-30,26.14
2007-03-29,26.14
2007-03-28,26.01
2007-03-27,26.23
2007-03-26,26.3
2007-03-23,26.4
2007-03-22,26.34
2007-03-21,26.3
2007-03-20,25.86
2007-03-19,25.64
2007-03-16,25.38
2007-03-15,25.46
2007-03-14,25.28
2007-03-13,25.03
2007-03-12,25.62
2007-03-09,25.56
2007-03-08,25.45
2007-03-07,25.19
2007-03-06,25.22
2007-03-05,24.65
2007-03-02,25.16
2007-03-01,25.64
2007-02-28,25.7
2007-02-27,25.55
2007-02-26,26.65
2007-02-23,26.72
2007-02-22,26.83
2007-02-21,26.81
2007-02-20,26.7
2007-02-16,26.45
2007-02-15,26.37
2007-02-14,26.34
2007-02-13,26.26
2007-02-12,26.02
2007-02-09,26.22
2007-02-08,26.39
2007-02-07,26.47
2007-02-06,26.26
2007-02-05,26.16
2007-02-02,26.22
2007-02-01,26.21
2007-01-31,25.87
2007-01-30,25.75
2007-01-29,25.56
2007-01-26,25.39
2007-01-25,25.34
2007-01-24,25.66
2007-01-23,25.39
2007-01-22,25.1
2007-01-19,25.32
2007-01-18,25.15
2007-01-17,25.47
2007-01-16,25.46
2007-01-12,25.56
2007-01-11,25.32
2007-01-10,25.07
2007-01-09,25.06
2007-01-08,25.01
2007-01-05,25.02
2007-01-04,25.31
2007-01-03,25.32
2006-12-29,25.36
2006-12-28,25.63
2006-12-27,25.73
2006-12-26,25.37
2006-12-22,25.15
2006-12-21,25.23
2006-12-20,25.38
2006-12-19,25.3
2006-12-18,25.21
2006-12-15,25.55
2006-12-14,25.67
2006-12-13,25.47
2006-12-12,25.46
2006-12-11,25.6
2006-12-08,25.58
2006-12-07,25.63
2006-12-06,25.72
2006-12-05,25.77
2006-12-04,25.7
2006-12-01,25.26
2006-11-30,25.35
2006-11-29,25.34
2006-11-28,24.94
2006-11-27,24.9
2006-11-24,25.47
2006-11-22,25.56
2006-11-21,25.52
2006-11-20,25.39
2006-11-17,25.35
2006-11-16,25.42
2006-11-15,25.49
2006-11-14,25.3
2006-11-13,24.88
2006-11-10,24.78
2006-11-09,24.63
2006-11-08,24.87
2006-11-07,24.7
2006-11-06,24.63
2006-11-03,24.26
2006-11-02,24.18
2006-11-01,24.25
2006-10-31,24.7
2006-10-30,24.82
2006-10-27,24.74
2006-10-26,25.03
2006-10-25,24.84
2006-10-24,24.62
2006-10-23,24.56
2006-10-20,24.52
2006-10-19,24.68
2006-10-18,24.63
2006-10-17,24.66
2006-10-16,24.83
2006-10-13,24.65
2006-10-12,24.47
2006-10-11,24.06
2006-10-10,24.11
2006-10-09,24.06
2006-10-06,23.89
2006-10-05,24.04
2006-10-04,23.75
2006-10-03,23.27
2006-10-02,23.27
2006-09-29,23.5
2006-09-28,23.76
2006-09-27,23.89
2006-09-26,23.71
2006-09-25,23.58
2006-09-22,23.32
2006-09-21,23.59
2006-09-20,23.8
2006-09-19,23.54
2006-09-18,23.68
2006-09-15,23.62
2006-09-14,23.57
2006-09-13,23.69
2006-09-12,23.47
2006-09-11,22.98
2006-09-08,23.05
2006-09-07,22.96
2006-09-06,23.1
2006-09-05,23.54
2006-09-01,23.4
2006-08-31,23.29
2006-08-30,23.29
2006-08-29,23.19
2006-08-28,23.01
2006-08-25,22.76
2006-08-24,22.73
2006-08-23,22.82
2006-08-22,23.16
2006-08-21,23.1
2006-08-18,23.33
2006-08-17,23.22
2006-08-16,23.25
2006-08-15,22.89
2006-08-14,22.43
2006-08-11,22.34
2006-08-10,22.52
2006-08-09,22.39
2006-08-08,22.57
2006-08-07,22.86
2006-08-04,22.97
2006-08-03,23.15
2006-08-02,22.84
2006-08-01,22.63
2006-07-31,22.88
2006-07-28,22.86
2006-07-27,22.42
2006-07-26,22.67
2006-07-25,22.79
2006-07-24,22.62
2006-07-21,22.01
2006-07-20,22.32
2006-07-19,23.02
2006-07-18,22.38
2006-07-17,22.32
2006-07-14,22.42
2006-07-13,22.61
2006-07-12,23.07
2006-07-11,23.49
2006-07-10,23.37
2006-07-07,23.35
2006-07-06,23.67
2006-07-05,23.64
2006-07-03,23.91
2006-06-30,23.76
2006-06-29,23.62
2006-06-28,22.82
2006-06-27,22.71
2006-06-26,23.1
2006-06-23,22.84
2006-06-22,22.71
2006-06-21,22.82
2006-06-20,22.44
2006-06-19,22.52
2006-06-16,22.74
2006-06-15,23.12
2006-06-14,22.37
2006-06-13,22.28
2006-06-12,22.58
2006-06-09,23.08
2006-06-08,23.24
2006-06-07,23.21
2006-06-06,23.45
2006-06-05,23.56
2006-06-02,24.18
2006-06-01,24.19
2006-05-31,23.8
2006-05-30,23.45
2006-05-26,24.05
2006-05-25,23.94
2006-05-24,23.52
2006-05-23,23.38
2006-05-22,23.68
2006-05-19,23.83
2006-05-18,23.65
2006-05-17,23.91
2006-05-16,24.33
2006-05-15,24.29
2006-05-12,24.35
2006-05-11,24.87
2006-05-10,25.43
2006-05-09,25.55
2006-05-08,25.53
2006-05-05,25.5
2006-05-04,25.26
2006-05-03,24.98
2006-05-02,25
2006-05-01,24.79
2006-04-28,24.94
2006-04-27,24.75
2006-04-26,24.98
2006-04-25,24.94
2006-04-24,25.03
2006-04-21,25.22
2006-04-20,25.24
2006-04-19,25.27
2006-04-18,25.05
2006-04-17,24.46
2006-04-13,24.45
2006-04-12,24.42
2006-04-11,24.25
2006-04-10,24.59
2006-04-07,24.66
2006-04-06,24.97
2006-04-05,24.96
2006-04-04,24.9
2006-04-03,24.72
2006-03-31,24.91
2006-03-30,24.82
2006-03-29,24.85
2006-03-28,24.5
2006-03-27,24.6
2006-03-24,24.6
2006-03-23,24.47
2006-03-22,24.3
2006-03-21,24.09
2006-03-20,24.26
2006-03-17,24.24
2006-03-16,24.14
2006-03-15,24.17
2006-03-14,23.97
2006-03-13,23.7
2006-03-10,23.63
2006-03-09,23.29
2006-03-08,23.45
2006-03-07,23.4
2006-03-06,23.72
2006-03-03,23.93
2006-03-02,24.08
2006-03-01,24.1
2006-02-28,23.73
2006-02-27,24.01
2006-02-24,23.98
2006-02-23,23.82
2006-02-22,23.83
2006-02-21,23.71
2006-02-17,23.73
2006-02-16,23.79
2006-02-15,23.56
2006-02-14,23.38
2006-02-13,23.12
2006-02-10,23.29
2006-02-09,23.33
2006-02-08,23.49
2006-02-07,23.38
2006-02-06,23.72
2006-02-03,23.59
2006-02-02,23.7
2006-02-01,23.93
2006-01-31,23.84
2006-01-30,23.79
2006-01-27,23.8
2006-01-26,23.62
2006-01-25,23.33
2006-01-24,23.3
2006-01-23,23
2006-01-20,23.03
2006-01-19,23.27
2006-01-18,22.97
2006-01-17,22.99
2006-01-13,23.07
2006-01-12,23.11
2006-01-11,23.21
2006-01-10,23.25
2006-01-09,23.04
2006-01-06,22.82
2006-01-05,22.62
2006-01-04,22.55
2006-01-03,22.42
2005-12-30,22.03
2005-12-29,22.22
2005-12-28,22.28
2005-12-27,22.14
2005-12-23,22.53
2005-12-22,22.4
2005-12-21,22.33
2005-12-20,22.1
2005-12-19,22.08
2005-12-16,22.37
2005-12-15,22.49
2005-12-14,22.74
2005-12-13,22.69
2005-12-12,22.65
2005-12-09,22.6
2005-12-08,22.53
2005-12-07,22.5
2005-12-06,22.64
2005-12-05,22.59
2005-12-02,22.71
2005-12-01,22.67
2005-11-30,22.28
2005-11-29,22.22
2005-11-28,22.14
2005-11-25,22.49
2005-11-23,22.48
2005-11-22,22.44
2005-11-21,22.32
2005-11-18,22.07
2005-11-17,21.96
2005-11-16,21.63
2005-11-15,21.59
2005-11-14,21.86
2005-11-11,21.9
2005-11-10,21.78
2005-11-09,21.69
2005-11-08,21.72
2005-11-07,21.76
2005-11-04,21.69
2005-11-03,21.76
2005-11-02,21.72
2005-11-01,21.3
2005-10-31,21.19
2005-10-28,20.99
2005-10-27,20.62
2005-10-26,20.98
2005-10-25,21.22
2005-10-24,21.31
2005-10-21,20.88
2005-10-20,20.69
2005-10-19,21.08
2005-10-18,20.69
2005-10-17,20.89
2005-10-14,20.87
2005-10-13,20.53
2005-10-12,20.46
2005-10-11,20.81
2005-10-10,21.02
2005-10-07,21.33
2005-10-06,21.05
2005-10-05,21.26
2005-10-04,21.8
2005-10-03,22.11
2005-09-30,21.97
2005-09-29,21.93
2005-09-28,21.67
2005-09-27,21.7
2005-09-26,21.69
2005-09-23,21.54
2005-09-22,21.4
2005-09-21,21.37
2005-09-20,21.68
2005-09-19,21.94
2005-09-16,21.98
2005-09-15,21.84
2005-09-14,21.85
2005-09-13,22.06
2005-09-12,22.21
2005-09-09,22.12
2005-09-08,21.97
2005-09-07,22.06
2005-09-06,21.98
2005-09-02,21.71
2005-09-01,21.89
2005-08-31,21.81
2005-08-30,21.37
2005-08-29,21.37
2005-08-26,21.16
2005-08-25,21.52
2005-08-24,21.41
2005-08-23,21.51
2005-08-22,21.53
2005-08-19,21.47
2005-08-18,21.38
2005-08-17,21.38
2005-08-16,21.5
2005-08-15,21.8
2005-08-12,21.62
2005-08-11,21.91
2005-08-10,21.72
2005-08-09,21.67
2005-08-08,21.61
2005-08-05,21.76
2005-08-04,22.02
2005-08-03,22.33
2005-08-02,22.42
2005-08-01,22.24
2005-07-29,22.17
2005-07-28,22.24
2005-07-27,21.99
2005-07-26,21.87
2005-07-25,21.89
2005-07-22,22
2005-07-21,21.72
2005-07-20,22.07
2005-07-19,21.77
2005-07-18,21.48
2005-07-15,21.62
2005-07-14,21.57
2005-07-13,21.75
2005-07-12,21.81
2005-07-11,21.86
2005-07-08,21.6
2005-07-07,21.24
2005-07-06,21.18
2005-07-05,21.31
2005-07-01,21.07
2005-06-30,20.89
2005-06-29,20.93
2005-06-28,20.85
2005-06-27,20.5
2005-06-24,20.39
2005-06-23,20.75
2005-06-22,21.02
2005-06-21,21.02
2005-06-20,21.02
2005-06-17,20.98
2005-06-16,21.04
2005-06-15,20.9
2005-06-14,20.83
2005-06-13,20.6
2005-06-10,20.58
2005-06-09,20.56
2005-06-08,20.37
2005-06-07,20.52
2005-06-06,20.45
2005-06-03,20.35
2005-06-02,20.51
2005-06-01,20.44
2005-05-31,20.18
2005-05-27,20.26
2005-05-26,20.14
2005-05-25,19.88
2005-05-24,20.07
2005-05-23,20.13
2005-05-20,19.96
2005-05-19,20.01
2005-05-18,19.94
2005-05-17,19.54
2005-05-16,19.41
2005-05-13,19.12
2005-05-12,19.21
2005-05-11,19.51
2005-05-10,19.46
2005-05-09,19.7
2005-05-06,19.53
2005-05-05,19.48
2005-05-04,19.43
2005-05-03,19.2
2005-05-02,19.19
2005-04-29,18.95
2005-04-28,18.8
2005-04-27,19.23
2005-04-26,19.22
2005-04-25,19.52
2005-04-22,19.31
2005-04-21,19.57
2005-04-20,19.18
2005-04-19,19.46
2005-04-18,19.12
2005-04-15,19.01
2005-04-14,19.34
2005-04-13,19.72
2005-04-12,20.03
2005-04-11,19.89
2005-04-08,19.94
2005-04-07,20.24
2005-04-06,20.15
2005-04-05,20.14
2005-04-04,20.1
2005-04-01,19.97
2005-03-31,20.07
2005-03-30,20.09
2005-03-29,19.8
2005-03-28,20.11
2005-03-24,20.09
2005-03-23,20
2005-03-22,20.23
2005-03-21,20.31
2005-03-18,20.31
2005-03-17,20.37
2005-03-16,20.39
2005-03-15,20.44
2005-03-14,20.58
2005-03-11,20.48
2005-03-10,20.43
2005-03-09,20.59
2005-03-08,20.84
2005-03-07,21.04
2005-03-04,21.04
2005-03-03,20.76
2005-03-02,20.76
2005-03-01,20.76
2005-02-28,20.59
2005-02-25,20.72
2005-02-24,20.38
2005-02-23,20.16
2005-02-22,20.07
2005-02-18,20.45
2005-02-17,20.46
2005-02-16,20.65
2005-02-15,20.54
2005-02-14,20.54
2005-02-11,20.54
2005-02-10,20.32
2005-02-09,20.23
2005-02-08,20.64
2005-02-07,20.59
2005-02-04,20.58
2005-02-03,20.3
2005-02-02,20.36
2005-02-01,20.2
2005-01-31,20.03
2005-01-28,19.71
2005-01-27,19.79
2005-01-26,19.73
2005-01-25,19.43
2005-01-24,19.36
2005-01-21,19.48
2005-01-20,19.53
2005-01-19,19.62
2005-01-18,19.88
2005-01-14,19.61
2005-01-13,19.4
2005-01-12,19.47
2005-01-11,19.38
2005-01-10,19.55
2005-01-07,19.33
2005-01-06,19.53
2005-01-05,19.46
2005-01-04,19.77
2005-01-03,20.15
2004-12-31,20.49
2004-12-30,20.52
2004-12-29,20.55
2004-12-28,20.57
2004-12-27,20.25
2004-12-23,20.45
2004-12-22,20.42
2004-12-21,20.34
2004-12-20,20.15
2004-12-17,20.11
2004-12-16,20.2
2004-12-15,20.34
2004-12-14,20.21
2004-12-13,20.08
2004-12-10,19.92
2004-12-09,19.79
2004-12-08,19.83
2004-12-07,19.73
2004-12-06,20.11
2004-12-03,20.25
2004-12-02,20.25
2004-12-01,20.37
2004-11-30,20.12
2004-11-29,20.08
2004-11-26,20.01
2004-11-24,19.98
2004-11-23,19.79
2004-11-22,19.72
2004-11-19,19.46
2004-11-18,19.71
2004-11-17,19.72
2004-11-16,19.57
2004-11-15,19.74
2004-11-12,19.66
2004-11-11,19.48
2004-11-10,19.32
2004-11-09,19.25
2004-11-08,19.17
2004-11-05,19.26
2004-11-04,19.11
2004-11-03,18.88
2004-11-02,18.56
2004-11-01,18.59
2004-10-29,18.5
2004-10-28,18.5
2004-10-27,18.61
2004-10-26,18.35
2004-10-25,18.11
2004-10-22,17.94
2004-10-21,18.26
2004-10-20,18.02
2004-10-19,17.91
2004-10-18,18.07
2004-10-15,18.03
2004-10-14,17.88
2004-10-13,18.03
2004-10-12,18.24
2004-10-11,18.27
2004-10-08,18.22
2004-10-07,18.47
2004-10-06,18.75
2004-10-05,18.62
2004-10-04,18.63
2004-10-01,18.57
2004-09-30,18.12
2004-09-29,18.14
2004-09-28,17.93
2004-09-27,17.74
2004-09-24,17.94
2004-09-23,17.89
2004-09-22,17.93
2004-09-21,18.2
2004-09-20,18.02
2004-09-17,18.06
2004-09-16,18.09
2004-09-15,17.92
2004-09-14,18.03
2004-09-13,18.09
2004-09-10,17.95
2004-09-09,17.85
2004-09-08,17.63
2004-09-07,17.79
2004-09-03,17.55
2004-09-02,17.68
2004-09-01,17.41
2004-08-31,17.27
2004-08-30,17.17
2004-08-27,17.41
2004-08-26,17.26
2004-08-25,17.32
2004-08-24,17.22
2004-08-23,17.2
2004-08-20,17.32
2004-08-19,17.06
2004-08-18,17.1
2004-08-17,16.8
2004-08-16,16.73
2004-08-13,16.41
2004-08-12,16.42
2004-08-11,16.71
2004-08-10,16.72
2004-08-09,16.45
2004-08-06,16.49
2004-08-05,16.84
2004-08-04,17.2
2004-08-03,17.2
2004-08-02,17.42
2004-07-30,17.44
2004-07-29,17.35
2004-07-28,17.11
2004-07-27,17.18
2004-07-26,16.86
2004-07-23,17.03
2004-07-22,17.21
2004-07-21,17.27
2004-07-20,17.78
2004-07-19,17.5
2004-07-16,17.52
2004-07-15,17.62
2004-07-14,17.57
2004-07-13,17.67
2004-07-12,17.63
2004-07-09,17.67
2004-07-08,17.62
2004-07-07,17.91
2004-07-06,17.97
2004-07-02,18.2
2004-07-01,18.23
2004-06-30,18.46
2004-06-29,18.33
2004-06-28,18.14
2004-06-25,18.21
2004-06-24,18.05
2004-06-23,18.08
2004-06-22,17.87
2004-06-21,17.78
2004-06-18,17.77
2004-06-17,17.8
2004-06-16,17.79
2004-06-15,17.66
2004-06-14,17.39
2004-06-10,17.61
2004-06-09,17.63
2004-06-08,17.85
2004-06-07,17.82
2004-06-04,17.48
2004-06-03,17.29
2004-06-02,17.6
2004-06-01,17.62
2004-05-28,17.49
2004-05-27,17.49
2004-05-26,17.5
2004-05-25,17.42
2004-05-24,17.01
2004-05-21,16.82
2004-05-20,16.66
2004-05-19,16.58
2004-05-18,16.68
2004-05-17,16.48
2004-05-14,16.66
2004-05-13,16.74
2004-05-12,16.89
2004-05-11,16.83
2004-05-10,16.52
2004-05-07,16.82
2004-05-06,17.27
2004-05-05,17.47
2004-05-04,17.43
2004-05-03,17.31
2004-04-30,17.12
2004-04-29,17.3
2004-04-28,17.6
2004-04-27,17.92
2004-04-26,17.89
2004-04-23,17.98
2004-04-22,18.05
2004-04-21,17.72
2004-04-20,17.49
2004-04-19,17.81
2004-04-16,17.7
2004-04-15,17.57
2004-04-14,17.65
2004-04-13,17.73
2004-04-12,18.12
2004-04-08,18.03
2004-04-07,18.18
2004-04-06,18.1
2004-04-05,18.26
2004-04-02,18.11
2004-04-01,17.9
2004-03-31,17.82
2004-03-30,17.76
2004-03-29,17.63
2004-03-26,17.26
2004-03-25,17.22
2004-03-24,16.9
2004-03-23,16.95
2004-03-22,16.95
2004-03-19,17.2
2004-03-18,17.3
2004-03-17,17.44
2004-03-16,17.18
2004-03-15,17.18
2004-03-12,17.58
2004-03-11,17.15
2004-03-10,17.33
2004-03-09,17.71
2004-03-08,17.8
2004-03-05,17.95
2004-03-04,17.97
2004-03-03,17.82
2004-03-02,17.79
2004-03-01,17.89
2004-02-27,17.55
2004-02-26,17.5
2004-02-25,17.4
2004-02-24,17.18
2004-02-23,17.13
2004-02-20,17.33
2004-02-19,17.39
2004-02-18,17.69
2004-02-17,17.72
2004-02-13,17.48
2004-02-12,17.69
2004-02-11,17.77
2004-02-10,17.6
2004-02-09,17.43
2004-02-06,17.35
2004-02-05,16.99
2004-02-04,16.85
2004-02-03,17.19
2004-02-02,17.2
2004-01-30,17.24
2004-01-29,17.2
2004-01-28,17.3
2004-01-27,17.54
2004-01-26,17.8
2004-01-23,17.64
2004-01-22,17.49
2004-01-21,17.61
2004-01-20,17.54
2004-01-16,17.35
2004-01-15,17.36
2004-01-14,17.33
2004-01-13,17.23
2004-01-12,17.2
2004-01-09,17.02
2004-01-08,17.17
2004-01-07,17.12
2004-01-06,16.99
2004-01-05,17.03
2004-01-02,16.82
2003-12-31,16.74
2003-12-30,16.99
2003-12-29,16.97
2003-12-26,16.74
2003-12-24,16.63
2003-12-23,16.74
2003-12-22,16.64
2003-12-19,16.51
2003-12-18,16.48
2003-12-17,16.3
2003-12-16,16.23
2003-12-15,16.21
2003-12-12,16.48
2003-12-11,16.36
2003-12-10,15.99
2003-12-09,16.14
2003-12-08,16.38
2003-12-05,16.26
2003-12-04,16.43
2003-12-03,16.4
2003-12-02,16.71
2003-12-01,16.74
2003-11-28,16.52
2003-11-26,16.48
2003-11-25,16.44
2003-11-24,16.3
2003-11-21,15.92
2003-11-20,15.8
2003-11-19,15.91
2003-11-18,15.77
2003-11-17,15.93
2003-11-14,16.06
2003-11-13,16.29
2003-11-12,16.27
2003-11-11,15.95
2003-11-10,16.04
2003-11-07,16.29
2003-11-06,16.29
2003-11-05,16.22
2003-11-04,16.21
2003-11-03,16.18
2003-10-31,15.9
2003-10-30,15.9
2003-10-29,15.91
2003-10-28,15.81
2003-10-27,15.51
2003-10-24,15.24
2003-10-23,15.36
2003-10-22,15.44
2003-10-21,15.65
2003-10-20,15.64
2003-10-17,15.6
2003-10-16,15.85
2003-10-15,15.71
2003-10-14,15.84
2003-10-13,15.73
2003-10-10,15.51
2003-10-09,15.55
2003-10-08,15.43
2003-10-07,15.57
2003-10-06,15.42
2003-10-03,15.36
2003-10-02,15.07
2003-10-01,14.96
2003-09-30,14.64
2003-09-29,14.69
2003-09-26,14.45
2003-09-25,14.7
2003-09-24,15.05
2003-09-23,15.32
2003-09-22,15.24
2003-09-19,15.36
2003-09-18,15.51
2003-09-17,15.38
2003-09-16,15.39
2003-09-15,15.18
2003-09-12,15.23
2003-09-11,15.19
2003-09-10,15.07
2003-09-09,15.38
2003-09-08,15.5
2003-09-05,15.29
2003-09-04,15.47
2003-09-03,15.42
2003-09-02,15.31
2003-08-29,15.04
2003-08-28,15.01
2003-08-27,14.81
2003-08-26,14.81
2003-08-25,14.71
2003-08-22,14.75
2003-08-21,15.02
2003-08-20,14.91
2003-08-19,14.91
2003-08-18,14.68
2003-08-15,14.46
2003-08-14,14.35
2003-08-13,14.28
2003-08-12,14.21
2003-08-11,13.99
2003-08-08,13.87
2003-08-07,13.9
2003-08-06,13.81
2003-08-05,13.88
2003-08-04,14.1
2003-08-01,14.13
2003-07-31,14.33
2003-07-30,14.29
2003-07-29,14.33
2003-07-28,14.3
2003-07-25,14.15
2003-07-24,14.1
2003-07-23,14.09
2003-07-22,14.02
2003-07-21,13.87
2003-07-18,14.07
2003-07-17,13.95
2003-07-16,14.28
2003-07-15,14.37
2003-07-14,14.44
2003-07-11,14.36
2003-07-10,14.22
2003-07-09,14.46
2003-07-08,14.41
2003-07-07,14.11
2003-07-03,13.9
2003-07-02,13.97
2003-07-01,13.71
2003-06-30,13.65
2003-06-27,13.64
2003-06-26,13.69
2003-06-25,13.49
2003-06-24,13.44
2003-06-23,13.4
2003-06-20,13.6
2003-06-19,13.73
2003-06-18,13.84
2003-06-17,13.88
2003-06-16,13.81
2003-06-13,13.63
2003-06-12,13.8
2003-06-11,13.73
2003-06-10,13.57
2003-06-09,13.38
2003-06-06,13.61
2003-06-05,13.7
2003-06-04,13.6
2003-06-03,13.36
2003-06-02,13.36
2003-05-30,13.29
2003-05-29,13.05
2003-05-28,13
2003-05-27,12.87
2003-05-23,12.65
2003-05-22,12.53
2003-05-21,12.44
2003-05-20,12.39
2003-05-19,12.41
2003-05-16,12.64
2003-05-15,12.85
2003-05-14,12.8
2003-05-13,12.85
2003-05-12,12.85
2003-05-09,12.73
2003-05-08,12.58
2003-05-07,12.67
2003-05-06,12.69
2003-05-05,12.6
2003-05-02,12.61
2003-05-01,12.31
2003-04-30,12.34
2003-04-29,12.25
2003-04-28,12.18
2003-04-25,11.96
2003-04-24,12.15
2003-04-23,12.16
2003-04-22,12.12
2003-04-21,11.96
2003-04-17,11.86
2003-04-16,11.7
2003-04-15,11.81
2003-04-14,11.73
2003-04-11,11.5
2003-04-10,11.56
2003-04-09,11.54
2003-04-08,11.64
2003-04-07,11.69
2003-04-04,11.65
2003-04-03,11.69
2003-04-02,11.73
2003-04-01,11.45
2003-03-31,11.37
2003-03-28,11.54
2003-03-27,11.48
2003-03-26,11.41
2003-03-25,11.56
2003-03-24,11.44
2003-03-21,11.73
2003-03-20,11.52
2003-03-19,11.43
2003-03-18,11.43
2003-03-17,11.3
2003-03-14,11.04
2003-03-13,11
2003-03-12,10.73
2003-03-11,10.75
2003-03-10,10.82
2003-03-07,11.05
2003-03-06,11.02
2003-03-05,11.08
2003-03-04,11.07
2003-03-03,11.26
2003-02-28,11.31
2003-02-27,11.28
2003-02-26,11.18
2003-02-25,11.29
2003-02-24,11.18
2003-02-21,11.39
2003-02-20,11.24
2003-02-19,11.32
2003-02-18,11.41
2003-02-14,11.28
2003-02-13,11.14
2003-02-12,11.17
2003-02-11,11.31
2003-02-10,11.34
2003-02-07,11.25
2003-02-06,11.43
2003-02-05,11.52
2003-02-04,11.62
2003-02-03,11.59
2003-01-31,11.72
2003-01-30,11.52
2003-01-29,11.7
2003-01-28,11.6
2003-01-27,11.54
2003-01-24,11.77
2003-01-23,11.98
2003-01-22,11.88
2003-01-21,11.95
2003-01-17,12.12
2003-01-16,12.33
2003-01-15,12.28
2003-01-14,12.32
2003-01-13,12.38
2003-01-10,12.39
2003-01-09,12.38
2003-01-08,12.26
2003-01-07,12.38
2003-01-06,12.47
2003-01-03,12.35
2003-01-02,12.43
2002-12-31,12.09
2002-12-30,12.06
2002-12-27,12.04
2002-12-26,12.2
2002-12-24,12.2
2002-12-23,12.25
2002-12-20,12.19
2002-12-19,12.03
2002-12-18,12.16
2002-12-17,12.3
2002-12-16,12.42
2002-12-13,12.22
2002-12-12,12.45
2002-12-11,12.35
2002-12-10,12.38
2002-12-09,12.13
2002-12-06,12.38
2002-12-05,12.28
2002-12-04,12.45
2002-12-03,12.5
2002-12-02,12.63
2002-11-29,12.5
2002-11-27,12.69
2002-11-26,12.4
2002-11-25,12.52
2002-11-22,12.47
2002-11-21,12.45
2002-11-20,12.18
2002-11-19,11.87
2002-11-18,12
2002-11-15,12.13
2002-11-14,12.1
2002-11-13,11.83
2002-11-12,11.76
2002-11-11,11.65
2002-11-08,11.95
2002-11-07,12.08
2002-11-06,12.32
2002-11-05,12.15
2002-11-04,12.19
2002-11-01,12.13
2002-10-31,11.87
2002-10-30,11.94
2002-10-29,11.77
2002-10-28,11.78
2002-10-25,11.92
2002-10-24,11.8
2002-10-23,11.9
2002-10-22,11.71
2002-10-21,11.93
2002-10-18,11.67
2002-10-17,11.62
2002-10-16,11.32
2002-10-15,11.57
2002-10-14,11.12
2002-10-11,11.06
2002-10-10,10.73
2002-10-09,10.48
2002-10-08,10.88
2002-10-07,10.73
2002-10-04,11.07
2002-10-03,11.33
2002-10-02,11.58
2002-10-01,11.85
2002-09-30,11.53
2002-09-27,11.54
2002-09-26,11.79
2002-09-25,11.52
2002-09-24,11.26
2002-09-23,11.31
2002-09-20,11.61
2002-09-19,11.55
2002-09-18,11.87
2002-09-17,12.01
2002-09-16,12.2
2002-09-13,12.3
2002-09-12,12.18
2002-09-11,12.44
2002-09-10,12.46
2002-09-09,12.35
2002-09-06,12.3
2002-09-05,11.97
2002-09-04,12.18
2002-09-03,11.87
2002-08-30,12.24
2002-08-29,12.3
2002-08-28,12.2
2002-08-27,12.44
2002-08-26,12.73
2002-08-23,12.59
2002-08-22,12.88
2002-08-21,12.8
2002-08-20,12.57
2002-08-19,12.68
2002-08-16,12.45
2002-08-15,12.29
2002-08-14,12.22
2002-08-13,11.86
2002-08-12,12.14
2002-08-09,12.11
2002-08-08,12.13
2002-08-07,11.89
2002-08-06,11.76
2002-08-05,11.35
2002-08-02,11.65
2002-08-01,12.09
2002-07-31,12.17
2002-07-30,12.42
2002-07-29,12.44
2002-07-26,11.79
2002-07-25,11.7
2002-07-24,11.64
2002-07-23,11.15
2002-07-22,11.54
2002-07-19,11.9
2002-07-18,12.13
2002-07-17,12.44
2002-07-16,12.41
2002-07-15,12.56
2002-07-12,12.72
2002-07-11,12.8
2002-07-10,12.98
2002-07-09,13.33
2002-07-08,13.44
2002-07-05,13.66
2002-07-03,13.21
2002-07-02,13.36
2002-07-01,13.76
2002-06-28,14.15
2002-06-27,14.13
2002-06-26,13.88
2002-06-25,13.8
2002-06-24,14.1
2002-06-21,14.12
2002-06-20,14.13
2002-06-19,14.19
2002-06-18,14.42
2002-06-17,14.4
2002-06-14,14.02
2002-06-13,13.95
2002-06-12,14.14
2002-06-11,14.13
2002-06-10,14.33
2002-06-07,14.42
2002-06-06,14.24
2002-06-05,14.46
2002-06-04,14.41
2002-06-03,14.45
2002-05-31,14.93
2002-05-30,14.91
2002-05-29,14.93
2002-05-28,15.09
2002-05-24,15.12
2002-05-23,15.35
2002-05-22,15.1
2002-05-21,15.12
2002-05-20,15.4
2002-05-17,15.57
2002-05-16,15.49
2002-05-15,15.77
2002-05-14,15.73
2002-05-13,15.24
2002-05-10,15.09
2002-05-09,15.35
2002-05-08,15.58
2002-05-07,15.23
2002-05-06,15.4
2002-05-03,15.69
2002-05-02,15.71
2002-05-01,15.64
2002-04-30,15.6
2002-04-29,15.31
2002-04-26,15.33
2002-04-25,15.55
2002-04-24,15.46
2002-04-23,15.59
2002-04-22,15.54
2002-04-19,15.7
2002-04-18,15.68
2002-04-17,15.71
2002-04-16,15.78
2002-04-15,15.45
2002-04-12,15.52
2002-04-11,15.22
2002-04-10,15.43
2002-04-09,15.16
2002-04-08,15.14
2002-04-05,14.98
2002-04-04,14.87
2002-04-03,14.95
2002-04-02,15.04
2002-04-01,15.12
2002-03-28,15.12
2002-03-27,15.18
2002-03-26,15.04
2002-03-25,14.86
2002-03-22,15.02
2002-03-21,15.08
2002-03-20,14.93
2002-03-19,15.12
2002-03-18,15.06
2002-03-15,14.9
2002-03-14,14.85
2002-03-13,14.79
2002-03-12,14.9
2002-03-11,14.93
2002-03-08,14.9
2002-03-07,14.79
2002-03-06,14.79
2002-03-05,14.57
2002-03-04,14.6
2002-03-01,14.32
2002-02-28,14.02
2002-02-27,14.13
2002-02-26,14.02
2002-02-25,13.98
2002-02-22,13.81
2002-02-21,13.63
2002-02-20,13.88
2002-02-19,13.71
2002-02-15,13.93
2002-02-14,13.99
2002-02-13,14.09
2002-02-12,13.98
2002-02-11,13.96
2002-02-08,13.8
2002-02-07,13.54
2002-02-06,13.68
2002-02-05,13.88
2002-02-04,13.93
2002-02-01,14.2
2002-01-31,14.32
2002-01-30,14.12
2002-01-29,13.95
2002-01-28,14.18
2002-01-25,14.07
2002-01-24,14.07
2002-01-23,13.98
2002-01-22,13.71
2002-01-18,13.87
2002-01-17,14.02
2002-01-16,13.88
2002-01-15,14.11
2002-01-14,13.99
2002-01-11,14.22
2002-01-10,14.4
2002-01-09,14.37
2002-01-08,14.47
2002-01-07,14.35
2002-01-04,14.54
2002-01-03,14.35
2002-01-02,14.11
2001-12-31,14.11
2001-12-28,14.31
2001-12-27,14.31
2001-12-26,14.25
2001-12-24,14.11
2001-12-21,14.01
2001-12-20,13.75
2001-12-19,13.97
2001-12-18,13.99
2001-12-17,13.86
2001-12-14,13.63
2001-12-13,13.51
2001-12-12,13.7
2001-12-11,13.7
2001-12-10,13.66
2001-12-07,13.91
2001-12-06,13.96
2001-12-05,13.86
2001-12-04,13.5
2001-12-03,13.17
2001-11-30,13.22
2001-11-29,13.28
2001-11-28,13.02
2001-11-27,13.26
2001-11-26,13.27
2001-11-23,13.24
2001-11-21,13.05
2001-11-20,13.12
2001-11-19,13.11
2001-11-16,13
2001-11-15,12.98
2001-11-14,13.07
2001-11-13,12.95
2001-11-12,12.74
2001-11-09,12.69
2001-11-08,12.7
2001-11-07,12.79
2001-11-06,12.81
2001-11-05,12.73
2001-11-02,12.55
2001-11-01,12.58
2001-10-31,12.41
2001-10-30,12.24
2001-10-29,12.42
2001-10-26,12.7
2001-10-25,12.63
2001-10-24,12.41
2001-10-23,12.36
2001-10-22,12.48
2001-10-19,12.33
2001-10-18,12.17
2001-10-17,12.25
2001-10-16,12.57
2001-10-15,12.45
2001-10-12,12.4
2001-10-11,12.53
2001-10-10,12.2
2001-10-09,11.89
2001-10-08,11.97
2001-10-05,12.09
2001-10-04,12.09
2001-10-03,12.05
2001-10-02,11.67
2001-10-01,11.52
2001-09-28,11.73
2001-09-27,11.49
2001-09-26,11.36
2001-09-25,11.54
2001-09-24,11.41
2001-09-21,11.02
2001-09-20,11.24
2001-09-19,11.69
2001-09-18,11.92
2001-09-17,12.19
2001-09-10,12.84
2001-09-07,13.01
2001-09-06,13.24
2001-09-05,13.49
2001-09-04,13.6
2001-08-31,13.66
2001-08-30,13.6
2001-08-29,13.71
2001-08-28,13.74
2001-08-27,13.88
2001-08-24,13.9
2001-08-23,13.71
2001-08-22,13.86
2001-08-21,13.72
2001-08-20,13.89
2001-08-17,13.84
2001-08-16,13.97
2001-08-15,13.86
2001-08-14,13.83
2001-08-13,13.74
2001-08-10,13.65
2001-08-09,13.61
2001-08-08,13.55
2001-08-07,13.76
2001-08-06,13.75
2001-08-03,13.96
2001-08-02,13.99
2001-08-01,13.97
2001-07-31,13.91
2001-07-30,13.93
2001-07-27,13.91
2001-07-26,13.85
2001-07-25,13.58
2001-07-24,13.53
2001-07-23,13.74
2001-07-20,13.88
2001-07-19,13.85
2001-07-18,13.73
2001-07-17,13.87
2001-07-16,13.7
2001-07-13,13.85
2001-07-12,13.77
2001-07-11,13.44
2001-07-10,13.37
2001-07-09,13.55
2001-07-06,13.54
2001-07-05,13.78
2001-07-03,13.88
2001-07-02,13.95
2001-06-29,14.01
2001-06-28,13.82
2001-06-27,13.62
2001-06-26,13.44
2001-06-25,13.32
2001-06-22,13.34
2001-06-21,13.6
2001-06-20,13.5
2001-06-19,13.39
2001-06-18,13.42
2001-06-15,13.53
2001-06-14,13.6
2001-06-13,13.9
2001-06-12,13.97
2001-06-11,13.98
2001-06-08,14.05
2001-06-07,14.17
2001-06-06,14.05
2001-06-05,14.2
2001-06-04,13.98
2001-06-01,13.81
2001-05-31,13.71
2001-05-30,13.62
2001-05-29,13.86
2001-05-25,14.05
2001-05-24,14.08
2001-05-23,14.07
2001-05-22,14.46
2001-05-21,14.35
2001-05-18,14.08
2001-05-17,14
2001-05-16,13.84
2001-05-15,13.59
2001-05-14,13.46
2001-05-11,13.43
2001-05-10,13.53
2001-05-09,13.5
2001-05-08,13.55
2001-05-07,13.43
2001-05-04,13.54
2001-05-03,13.37
2001-05-02,13.53
2001-05-01,13.56
2001-04-30,13.44
2001-04-27,13.42
2001-04-26,13.24
2001-04-25,13.06
2001-04-24,12.73
2001-04-23,12.73
2001-04-20,12.86
2001-04-19,13.07
2001-04-18,12.92
2001-04-17,12.64
2001-04-16,12.38
2001-04-12,12.61
2001-04-11,12.43
2001-04-10,12.54
2001-04-09,12.26
2001-04-06,12
2001-04-05,12.32
2001-04-04,11.72
2001-04-03,11.73
2001-04-02,12.11
2001-03-30,12.46
2001-03-29,12.17
2001-03-28,12.26
2001-03-27,12.61
2001-03-26,12.42
2001-03-23,12.32
2001-03-22,11.97
2001-03-21,12.11
2001-03-20,12.3
2001-03-19,12.54
2001-03-16,12.22
2001-03-15,12.51
2001-03-14,12.55
2001-03-13,12.87
2001-03-12,12.73
2001-03-09,13.1
2001-03-08,13.35
2001-03-07,13.42
2001-03-06,13.34
2001-03-05,13.19
2001-03-02,13.18
2001-03-01,13.12
2001-02-28,13.06
2001-02-27,13.23
2001-02-26,13.55
2001-02-23,13.25
2001-02-22,13.22
2001-02-21,13.39
2001-02-20,13.62
2001-02-16,13.82
2001-02-15,14.1
2001-02-14,14.09
2001-02-13,13.93
2001-02-12,14.07
2001-02-09,13.73
2001-02-08,13.84
2001-02-07,14.04
2001-02-06,13.97
2001-02-05,13.83
2001-02-02,13.78
2001-02-01,13.97
2001-01-31,13.88
2001-01-30,13.95
2001-01-29,13.92
2001-01-26,13.72
2001-01-25,13.7
2001-01-24,13.75
2001-01-23,13.75
2001-01-22,13.49
2001-01-19,13.38
2001-01-18,13.59
2001-01-17,13.57
2001-01-16,13.5
2001-01-12,13.4
2001-01-11,13.33
2001-01-10,13.14
2001-01-09,12.78
2001-01-08,12.82
2001-01-05,12.78
2001-01-04,13.1
2001-01-03,13.27
2001-01-02,12.79
2000-12-29,13.25
2000-12-28,13.61
2000-12-27,13.07
2000-12-26,12.85
2000-12-22,12.67
2000-12-21,12.25
2000-12-20,12.17
2000-12-19,12.52
2000-12-18,12.67
2000-12-15,12.54
2000-12-14,12.58
2000-12-13,12.77
2000-12-12,12.99
2000-12-11,13.16
2000-12-08,12.67
2000-12-07,12.48
2000-12-06,12.46
2000-12-05,12.65
2000-12-04,12.17
2000-12-01,12.21
2000-11-30,11.91
2000-11-29,12.08
2000-11-28,12.24
2000-11-27,12.67
2000-11-24,12.6
2000-11-22,12.3
2000-11-21,12.47
2000-11-20,12.58
2000-11-17,12.91
2000-11-16,12.81
2000-11-15,13.09
2000-11-14,12.93
2000-11-13,12.67
2000-11-10,12.73
2000-11-09,13.02
2000-11-08,13.07
2000-11-07,13.34
2000-11-06,13.27
2000-11-03,13.39
2000-11-02,13.34
2000-11-01,13.11
2000-10-31,13.24
2000-10-30,12.67
2000-10-27,12.6
2000-10-26,12.59
2000-10-25,12.42
2000-10-24,12.79
2000-10-23,12.78
2000-10-20,12.69
2000-10-19,12.52
2000-10-18,12.1
2000-10-17,12.24
2000-10-16,12.51
2000-10-13,12.43
2000-10-12,12.06
2000-10-11,12.27
2000-10-10,12.36
2000-10-09,12.52
2000-10-06,12.53
2000-10-05,12.84
2000-10-04,12.94
2000-10-03,12.82
2000-10-02,13.03
2000-09-29,13.17
2000-09-28,13.27
2000-09-27,12.89
2000-09-26,12.92
2000-09-25,13.02
2000-09-22,13.14
2000-09-21,12.97
2000-09-20,13.2
2000-09-19,13.17
2000-09-18,13.13
2000-09-15,13.45
2000-09-14,13.59
2000-09-13,13.42
2000-09-12,13.48
2000-09-11,13.43
2000-09-08,13.52
2000-09-07,13.66
2000-09-06,13.44
2000-09-05,13.48
2000-09-01,13.6
2000-08-31,13.55
2000-08-30,13.41
2000-08-29,13.37
2000-08-28,13.24
2000-08-25,13.26
2000-08-24,13.16
2000-08-23,13.04
2000-08-22,13.02
2000-08-21,12.99
2000-08-18,12.99
2000-08-17,12.85
2000-08-16,12.84
2000-08-15,12.81
2000-08-14,12.89
2000-08-11,12.72
2000-08-10,12.65
2000-08-09,12.66
2000-08-08,12.69
2000-08-07,12.69
2000-08-04,12.51
2000-08-03,12.46
2000-08-02,12.55
2000-08-01,12.43
2000-07-31,12.4
2000-07-28,12.23
2000-07-27,12.53
2000-07-26,12.64
2000-07-25,12.72
2000-07-24,12.7
2000-07-21,12.84
2000-07-20,13.08
2000-07-19,13.03
2000-07-18,13.3
2000-07-17,13.4
2000-07-14,13.32
2000-07-13,13.31
2000-07-12,13.3
2000-07-11,13.14
2000-07-10,13.16
2000-07-07,13.06
2000-07-06,12.88
2000-07-05,12.82
2000-07-03,12.89
2000-06-30,12.76
2000-06-29,12.78
2000-06-28,12.91
2000-06-27,12.56
2000-06-26,12.45
2000-06-23,12.46
2000-06-22,12.67
2000-06-21,12.73
2000-06-20,12.72
2000-06-19,12.72
2000-06-16,12.56
2000-06-15,12.59
2000-06-14,12.65
2000-06-13,12.55
2000-06-12,12.55
2000-06-09,12.67
2000-06-08,12.6
2000-06-07,12.6
2000-06-06,12.6
2000-06-05,12.72
2000-06-02,12.68
2000-06-01,12.33
2000-05-31,12.05
2000-05-30,11.82
2000-05-26,11.59